-- =====================================================================
-- DML - Datos de prueba de coworking_db
-- Autor: Angel Andrey Luque Parada
--
-- Los datos incluyen casos limite A PROPOSITO: membresias vencidas,
-- facturas con saldo pendiente, accesos sin salida registrada, reservas
-- que exceden capacidad, usuarios sin actividad. Sin estos casos, buena
-- parte de las 100 consultas devolveria cero filas.
-- =====================================================================

USE coworking_db;
SET FOREIGN_KEY_CHECKS = 0;
TRUNCATE TABLE notificaciones; TRUNCATE TABLE log_accesos_rechazados;
TRUNCATE TABLE log_pagos_anulados; TRUNCATE TABLE log_reservas_canceladas;
TRUNCATE TABLE log_membresias; TRUNCATE TABLE accesos;
TRUNCATE TABLE credenciales; TRUNCATE TABLE penalizaciones;
TRUNCATE TABLE reembolsos; TRUNCATE TABLE pagos;
TRUNCATE TABLE detalle_factura; TRUNCATE TABLE facturas;
TRUNCATE TABLE metodos_pago; TRUNCATE TABLE servicios_contratados;
TRUNCATE TABLE servicios; TRUNCATE TABLE reservas;
TRUNCATE TABLE horarios_espacio; TRUNCATE TABLE espacios;
TRUNCATE TABLE tipos_espacio; TRUNCATE TABLE membresias;
TRUNCATE TABLE usuarios; TRUNCATE TABLE tipos_membresia;
TRUNCATE TABLE empresas;
SET FOREIGN_KEY_CHECKS = 1;

-- ---------- Empresas ----------
INSERT INTO empresas (nit, nombre, sector, telefono, email, direccion, fecha_registro) VALUES
('900123456-1', 'Innovatek Soluciones SAS', 'Tecnologia', '6076541200', 'contacto@innovatek.co', 'Cra 27 #36-45, Bucaramanga', '2024-02-14'),
('901234567-2', 'Andina Consultores Ltda', 'Consultoria', '6076789033', 'info@andinacons.co', 'Cll 56 #31-20, Bucaramanga', '2024-05-03'),
('830987654-3', 'Verde Logistica SAS', 'Logistica', '6073456781', 'operaciones@verdelog.co', 'Autopista Floridablanca Km 4', '2024-08-21'),
('860112233-4', 'Datacore Analytics', 'Tecnologia', '6072223344', 'hola@datacore.co', 'Cra 33 #45-12, Bucaramanga', '2025-01-09'),
('811445566-5', 'Grupo Legal Santander', 'Juridico', '6075558899', 'recepcion@glsantander.co', 'Cll 42 #29-77, Bucaramanga', '2025-03-17'),
('805667788-6', 'Bio Salud IPS', 'Salud', '6076661122', 'admin@biosalud.co', 'Cra 15 #52-30, Bucaramanga', '2025-06-02'),
('900556677-7', 'Creativa Studio', 'Publicidad', '6074449988', 'estudio@creativa.co', 'Cll 34 #28-19, Bucaramanga', '2025-09-11'),
('901778899-8', 'Finanzas del Oriente SAS', 'Financiero', '6073337766', 'contacto@findeloriente.co', 'Cra 19 #40-55, Bucaramanga', '2025-11-28'),
('890334455-9', 'EduFuturo Corporacion', 'Educacion', '6078881133', 'info@edufuturo.co', 'Cll 48 #26-14, Bucaramanga', '2026-01-15'),
('900991122-0', 'Ruta Norte Transportes', 'Transporte', '6072224477', 'gerencia@rutanorte.co', 'Km 2 Via Giron', '2026-03-04');

-- ---------- Tipos de membresia ----------
INSERT INTO tipos_membresia (nombre, precio, duracion_dias, descripcion) VALUES
('Diaria', 25000, 1, 'Acceso por un dia a escritorio flexible'),
('Mensual', 320000, 30, 'Acceso ilimitado a escritorios flexibles'),
('Corporativa', 280000, 30, 'Plan por empleado para empresas cliente'),
('Premium', 480000, 30, 'Acceso total incluyendo oficinas y salas');

-- ---------- Usuarios ----------
INSERT INTO usuarios (identificacion, nombre, apellidos, fecha_nacimiento, telefono, email, id_empresa, fecha_registro, ultima_fecha_acceso, estado) VALUES
('1063000137', 'Angel', 'Herrera Nino', '1983-06-17', '3114746093', 'angel.herrera1@correo.com', 1, '2025-01-25', NULL, 'Activo'),
('1063000274', 'Laura', 'Serrano Bueno', '1999-10-18', '3199236009', 'laura.serrano2@correo.com', 2, '2025-04-29', NULL, 'Activo'),
('1063000411', 'Camilo', 'Gomez Rueda', '1998-08-08', '3192354318', 'camilo.gomez3@correo.com', 3, '2026-07-01', NULL, 'Activo'),
('1063000548', 'Valentina', 'Vargas Mejia', '1983-05-27', '3171192750', 'valentina.vargas4@correo.com', 4, '2026-03-25', NULL, 'Activo'),
('1063000685', 'Sebastian', 'Navarro Prada', '2001-08-22', '3137664202', 'sebastian.navarro5@correo.com', 5, '2025-08-16', NULL, 'Activo'),
('1063000822', 'Mariana', 'Ortiz Vera', '1988-06-12', '3182280435', 'mariana.ortiz6@correo.com', 6, '2025-06-13', NULL, 'Activo'),
('1063000959', 'Andres', 'Pineda Acosta', '2003-06-03', '3185900991', 'andres.pineda7@correo.com', 7, '2024-12-10', NULL, 'Activo'),
('1063001096', 'Daniela', 'Cardenas Sosa', '1989-08-05', '3196184138', 'daniela.cardenas8@correo.com', 8, '2024-09-11', NULL, 'Activo'),
('1063001233', 'Juan', 'Salazar Pinto', '1980-12-12', '3178083634', 'juan.salazar9@correo.com', 9, '2025-06-26', NULL, 'Activo'),
('1063001370', 'Paula', 'Suarez Blanco', '1982-07-19', '3172953672', 'paula.suarez10@correo.com', 10, '2024-12-13', NULL, 'Activo'),
('1063001507', 'Diego', 'Beltran Rico', '1993-09-26', '3177679821', 'diego.beltran11@correo.com', 1, '2024-10-27', NULL, 'Activo'),
('1063001644', 'Sofia', 'Rojas Duarte', '1996-05-28', '3199039473', 'sofia.rojas12@correo.com', 2, '2025-04-29', NULL, 'Activo'),
('1063001781', 'Ricardo', 'Moreno Cala', '1996-09-26', '3194766902', 'ricardo.moreno13@correo.com', 3, '2026-06-08', NULL, 'Activo'),
('1063001918', 'Carolina', 'Uribe Marin', '1984-01-23', '3118204296', 'carolina.uribe14@correo.com', 4, '2025-01-14', NULL, 'Activo'),
('1063002055', 'Felipe', 'Mendoza Silva', '1995-03-16', '3118663770', 'felipe.mendoza15@correo.com', 5, '2025-11-11', NULL, 'Activo'),
('1063002192', 'Natalia', 'Reyes Ardila', '2001-08-23', '3147745788', 'natalia.reyes16@correo.com', 6, '2024-12-22', NULL, 'Activo'),
('1063002329', 'Oscar', 'Zapata Osma', '2001-05-18', '3189034489', 'oscar.zapata17@correo.com', 7, '2024-09-09', NULL, 'Activo'),
('1063002466', 'Adriana', 'Castro Leon', '1992-07-07', '3141155640', 'adriana.castro18@correo.com', 8, '2025-09-05', NULL, 'Activo'),
('1063002603', 'Julian', 'Quintero Diaz', '1981-03-21', '3179772618', 'julian.quintero19@correo.com', 9, '2024-10-30', NULL, 'Activo'),
('1063002740', 'Catalina', 'Luque Parada', '1995-06-07', '3178829190', 'catalina.luque20@correo.com', 10, '2025-10-10', NULL, 'Activo'),
('1063002877', 'Mauricio', 'Herrera Nino', '1996-08-26', '3181564049', 'mauricio.herrera21@correo.com', 1, '2025-04-15', NULL, 'Activo'),
('1063003014', 'Alejandra', 'Serrano Bueno', '1989-06-15', '3179643174', 'alejandra.serrano22@correo.com', 2, '2026-03-25', NULL, 'Activo'),
('1063003151', 'Esteban', 'Gomez Rueda', '1988-08-06', '3172078693', 'esteban.gomez23@correo.com', 3, '2025-04-24', NULL, 'Activo'),
('1063003288', 'Lorena', 'Vargas Mejia', '2000-05-16', '3114264621', 'lorena.vargas24@correo.com', 4, '2025-06-19', NULL, 'Activo'),
('1063003425', 'Nicolas', 'Navarro Prada', '2003-07-05', '3102546333', 'nicolas.navarro25@correo.com', 5, '2025-03-30', NULL, 'Activo'),
('1063003562', 'Tatiana', 'Ortiz Vera', '1980-08-19', '3114335171', 'tatiana.ortiz26@correo.com', 6, '2024-12-21', NULL, 'Activo'),
('1063003699', 'Fernando', 'Pineda Acosta', '1987-02-20', '3185505293', 'fernando.pineda27@correo.com', 7, '2026-05-19', NULL, 'Activo'),
('1063003836', 'Gabriela', 'Cardenas Sosa', '2001-11-12', '3106258696', 'gabriela.cardenas28@correo.com', 8, '2026-01-26', NULL, 'Activo'),
('1063003973', 'Hernan', 'Salazar Pinto', '2001-10-19', '3124740105', 'hernan.salazar29@correo.com', 9, '2025-02-15', NULL, 'Activo'),
('1063004110', 'Ximena', 'Suarez Blanco', '1995-10-05', '3185876803', 'ximena.suarez30@correo.com', 10, '2024-10-29', NULL, 'Activo'),
('1063004247', 'Ivan', 'Beltran Rico', '1982-07-22', '3126133900', 'ivan.beltran31@correo.com', NULL, '2026-01-21', NULL, 'Activo'),
('1063004384', 'Yuliana', 'Rojas Duarte', '1996-07-13', '3184300029', 'yuliana.rojas32@correo.com', NULL, '2026-02-01', NULL, 'Activo'),
('1063004521', 'Kevin', 'Moreno Cala', '1992-01-04', '3111861935', 'kevin.moreno33@correo.com', NULL, '2025-05-31', NULL, 'Activo'),
('1063004658', 'Marcela', 'Uribe Marin', '1991-11-12', '3109562887', 'marcela.uribe34@correo.com', NULL, '2026-06-07', NULL, 'Activo'),
('1063004795', 'Leonardo', 'Mendoza Silva', '1995-06-22', '3176470089', 'leonardo.mendoza35@correo.com', NULL, '2025-08-27', NULL, 'Activo'),
('1063004932', 'Diana', 'Reyes Ardila', '1983-08-15', '3193864434', 'diana.reyes36@correo.com', NULL, '2024-11-25', NULL, 'Activo'),
('1063005069', 'Cristian', 'Zapata Osma', '1984-10-17', '3166644171', 'cristian.zapata37@correo.com', NULL, '2025-12-04', NULL, 'Activo'),
('1063005206', 'Sandra', 'Castro Leon', '1994-10-08', '3187696744', 'sandra.castro38@correo.com', NULL, '2026-04-23', NULL, 'Activo'),
('1063005343', 'Alberto', 'Quintero Diaz', '1981-04-21', '3101808451', 'alberto.quintero39@correo.com', NULL, '2026-01-07', NULL, 'Activo'),
('1063005480', 'Monica', 'Luque Parada', '1994-11-07', '3103166605', 'monica.luque40@correo.com', NULL, '2025-02-23', NULL, 'Activo'),
('1063005617', 'Rafael', 'Herrera Nino', '2000-09-07', '3123690909', 'rafael.herrera41@correo.com', NULL, '2025-01-20', NULL, 'Activo'),
('1063005754', 'Isabel', 'Serrano Bueno', '2001-03-13', '3169942439', 'isabel.serrano42@correo.com', NULL, '2025-09-27', NULL, 'Activo'),
('1063005891', 'Emilio', 'Gomez Rueda', '1993-02-13', '3126772469', 'emilio.gomez43@correo.com', NULL, '2025-08-25', NULL, 'Activo'),
('1063006028', 'Patricia', 'Vargas Mejia', '1985-05-15', '3165826306', 'patricia.vargas44@correo.com', NULL, '2025-02-09', NULL, 'Inactivo'),
('1063006165', 'Samuel', 'Navarro Prada', '1994-03-11', '3178458863', 'samuel.navarro45@correo.com', NULL, '2025-01-18', NULL, 'Activo'),
('1063006302', 'Claudia', 'Ortiz Vera', '1983-09-26', '3142586554', 'claudia.ortiz46@correo.com', NULL, '2025-01-12', NULL, 'Activo'),
('1063006439', 'Tomas', 'Pineda Acosta', '1986-04-01', '3176543899', 'tomas.pineda47@correo.com', NULL, '2026-03-30', NULL, 'Inactivo'),
('1063006576', 'Silvia', 'Cardenas Sosa', '1993-09-26', '3106904743', 'silvia.cardenas48@correo.com', NULL, '2025-12-29', NULL, 'Activo'),
('1063006713', 'Vicente', 'Salazar Pinto', '1985-06-18', '3184632979', 'vicente.salazar49@correo.com', NULL, '2024-11-24', NULL, 'Activo'),
('1063006850', 'Elena', 'Suarez Blanco', '1983-10-23', '3184597623', 'elena.suarez50@correo.com', NULL, '2025-09-19', NULL, 'Inactivo');

-- ---------- Membresias ----------
-- Casos forzados: usuarios 1 y 2 con mas de 10 renovaciones diarias;
-- usuarios 3, 4 y 5 cambiaron de tipo mas de 2 veces; varias vencidas
-- y varias por vencer dentro de los proximos 7 dias.
INSERT INTO membresias (id_usuario, id_tipo_membresia, fecha_inicio, fecha_fin, estado, fecha_registro) VALUES
(1, 1, '2026-03-16', '2026-03-17', 'Vencida', '2026-03-16 08:30:00'),
(1, 1, '2026-03-25', '2026-03-26', 'Vencida', '2026-03-25 08:30:00'),
(1, 1, '2026-04-03', '2026-04-04', 'Vencida', '2026-04-03 08:30:00'),
(1, 1, '2026-04-12', '2026-04-13', 'Vencida', '2026-04-12 08:30:00'),
(1, 1, '2026-04-21', '2026-04-22', 'Vencida', '2026-04-21 08:30:00'),
(1, 1, '2026-04-30', '2026-05-01', 'Vencida', '2026-04-30 08:30:00'),
(1, 1, '2026-05-09', '2026-05-10', 'Vencida', '2026-05-09 08:30:00'),
(1, 1, '2026-05-18', '2026-05-19', 'Vencida', '2026-05-18 08:30:00'),
(1, 1, '2026-05-27', '2026-05-28', 'Vencida', '2026-05-27 08:30:00'),
(1, 1, '2026-06-05', '2026-06-06', 'Vencida', '2026-06-05 08:30:00'),
(1, 1, '2026-06-14', '2026-06-15', 'Vencida', '2026-06-14 08:30:00'),
(1, 1, '2026-06-23', '2026-06-24', 'Vencida', '2026-06-23 08:30:00'),
(1, 1, '2026-07-02', '2026-07-03', 'Vencida', '2026-07-02 08:30:00'),
(1, 1, '2026-07-11', '2026-07-12', 'Vencida', '2026-07-11 08:30:00'),
(1, 1, '2026-07-23', '2026-07-24', 'Activa', '2026-07-23 08:30:00'),
(2, 1, '2026-04-03', '2026-04-04', 'Vencida', '2026-04-03 08:30:00'),
(2, 1, '2026-04-12', '2026-04-13', 'Vencida', '2026-04-12 08:30:00'),
(2, 1, '2026-04-21', '2026-04-22', 'Vencida', '2026-04-21 08:30:00'),
(2, 1, '2026-04-30', '2026-05-01', 'Vencida', '2026-04-30 08:30:00'),
(2, 1, '2026-05-09', '2026-05-10', 'Vencida', '2026-05-09 08:30:00'),
(2, 1, '2026-05-18', '2026-05-19', 'Vencida', '2026-05-18 08:30:00'),
(2, 1, '2026-05-27', '2026-05-28', 'Vencida', '2026-05-27 08:30:00'),
(2, 1, '2026-06-05', '2026-06-06', 'Vencida', '2026-06-05 08:30:00'),
(2, 1, '2026-06-14', '2026-06-15', 'Vencida', '2026-06-14 08:30:00'),
(2, 1, '2026-06-23', '2026-06-24', 'Vencida', '2026-06-23 08:30:00'),
(2, 1, '2026-07-02', '2026-07-03', 'Vencida', '2026-07-02 08:30:00'),
(2, 1, '2026-07-11', '2026-07-12', 'Vencida', '2026-07-11 08:30:00'),
(2, 1, '2026-07-23', '2026-07-24', 'Activa', '2026-07-23 08:30:00'),
(3, 1, '2025-06-18', '2025-06-19', 'Vencida', '2025-06-18 08:30:00'),
(3, 2, '2025-09-26', '2025-10-26', 'Vencida', '2025-09-26 08:30:00'),
(3, 4, '2026-01-04', '2026-02-03', 'Vencida', '2026-01-04 08:30:00'),
(3, 4, '2026-07-13', '2026-08-12', 'Activa', '2026-07-13 08:30:00'),
(4, 2, '2025-06-18', '2025-07-18', 'Vencida', '2025-06-18 08:30:00'),
(4, 3, '2025-09-26', '2025-10-26', 'Vencida', '2025-09-26 08:30:00'),
(4, 4, '2026-01-04', '2026-02-03', 'Vencida', '2026-01-04 08:30:00'),
(4, 4, '2026-07-13', '2026-08-12', 'Activa', '2026-07-13 08:30:00'),
(5, 1, '2025-06-18', '2025-06-19', 'Vencida', '2025-06-18 08:30:00'),
(5, 2, '2025-09-26', '2025-10-26', 'Vencida', '2025-09-26 08:30:00'),
(5, 3, '2026-01-04', '2026-02-03', 'Vencida', '2026-01-04 08:30:00'),
(5, 4, '2026-04-14', '2026-05-14', 'Vencida', '2026-04-14 08:30:00'),
(5, 4, '2026-07-13', '2026-08-12', 'Activa', '2026-07-13 08:30:00'),
(6, 3, '2026-04-17', '2026-05-17', 'Vencida', '2026-04-17 08:30:00'),
(6, 3, '2026-05-20', '2026-06-19', 'Vencida', '2026-05-20 08:30:00'),
(6, 3, '2026-06-18', '2026-07-18', 'Vencida', '2026-06-18 08:30:00'),
(6, 3, '2026-04-29', '2026-05-29', 'Vencida', '2026-04-29 08:30:00'),
(7, 3, '2026-04-21', '2026-05-21', 'Vencida', '2026-04-21 08:30:00'),
(7, 3, '2026-05-19', '2026-06-18', 'Vencida', '2026-05-19 08:30:00'),
(7, 3, '2026-06-21', '2026-07-21', 'Vencida', '2026-06-21 08:30:00'),
(7, 3, '2026-06-15', '2026-07-15', 'Vencida', '2026-06-15 08:30:00'),
(8, 3, '2026-04-20', '2026-05-20', 'Vencida', '2026-04-20 08:30:00'),
(8, 3, '2026-05-22', '2026-06-21', 'Vencida', '2026-05-22 08:30:00'),
(8, 3, '2026-06-18', '2026-07-18', 'Vencida', '2026-06-18 08:30:00'),
(8, 3, '2026-07-05', '2026-08-04', 'Activa', '2026-07-05 08:30:00'),
(9, 3, '2026-06-20', '2026-07-20', 'Vencida', '2026-06-20 08:30:00'),
(9, 3, '2026-07-18', '2026-08-17', 'Activa', '2026-07-18 08:30:00'),
(10, 3, '2026-04-19', '2026-05-19', 'Vencida', '2026-04-19 08:30:00'),
(10, 3, '2026-05-22', '2026-06-21', 'Vencida', '2026-05-22 08:30:00'),
(10, 3, '2026-06-22', '2026-07-22', 'Vencida', '2026-06-22 08:30:00'),
(10, 3, '2026-06-25', '2026-07-25', 'Activa', '2026-06-25 08:30:00'),
(11, 3, '2026-04-18', '2026-05-18', 'Vencida', '2026-04-18 08:30:00'),
(11, 3, '2026-05-22', '2026-06-21', 'Vencida', '2026-05-22 08:30:00'),
(11, 3, '2026-06-22', '2026-07-22', 'Vencida', '2026-06-22 08:30:00'),
(11, 3, '2026-06-17', '2026-07-17', 'Vencida', '2026-06-17 08:30:00'),
(12, 3, '2026-04-21', '2026-05-21', 'Vencida', '2026-04-21 08:30:00'),
(12, 3, '2026-05-22', '2026-06-21', 'Vencida', '2026-05-22 08:30:00'),
(12, 3, '2026-06-18', '2026-07-18', 'Vencida', '2026-06-18 08:30:00'),
(12, 3, '2026-06-27', '2026-07-27', 'Activa', '2026-06-27 08:30:00'),
(13, 3, '2026-04-18', '2026-05-18', 'Vencida', '2026-04-18 08:30:00'),
(13, 3, '2026-05-18', '2026-06-17', 'Vencida', '2026-05-18 08:30:00'),
(13, 3, '2026-06-18', '2026-07-18', 'Vencida', '2026-06-18 08:30:00'),
(13, 3, '2026-05-24', '2026-06-23', 'Vencida', '2026-05-24 08:30:00'),
(14, 3, '2026-04-17', '2026-05-17', 'Vencida', '2026-04-17 08:30:00'),
(14, 3, '2026-05-21', '2026-06-20', 'Vencida', '2026-05-21 08:30:00'),
(14, 3, '2026-06-18', '2026-07-18', 'Vencida', '2026-06-18 08:30:00'),
(14, 3, '2026-07-02', '2026-08-01', 'Activa', '2026-07-02 08:30:00'),
(15, 3, '2026-06-20', '2026-07-20', 'Vencida', '2026-06-20 08:30:00'),
(15, 3, '2026-07-11', '2026-08-10', 'Suspendida', '2026-07-11 08:30:00'),
(16, 3, '2026-04-18', '2026-05-18', 'Vencida', '2026-04-18 08:30:00'),
(16, 3, '2026-05-20', '2026-06-19', 'Vencida', '2026-05-20 08:30:00'),
(16, 3, '2026-06-20', '2026-07-20', 'Vencida', '2026-06-20 08:30:00'),
(16, 3, '2026-05-04', '2026-06-03', 'Vencida', '2026-05-04 08:30:00'),
(17, 3, '2026-03-21', '2026-04-20', 'Vencida', '2026-03-21 08:30:00'),
(17, 3, '2026-04-19', '2026-05-19', 'Vencida', '2026-04-19 08:30:00'),
(17, 3, '2026-05-20', '2026-06-19', 'Vencida', '2026-05-20 08:30:00'),
(17, 3, '2026-06-20', '2026-07-20', 'Vencida', '2026-06-20 08:30:00'),
(17, 3, '2026-07-03', '2026-08-02', 'Cancelada', '2026-07-03 08:30:00'),
(18, 3, '2026-06-20', '2026-07-20', 'Vencida', '2026-06-20 08:30:00'),
(18, 3, '2026-07-13', '2026-08-12', 'Activa', '2026-07-13 08:30:00'),
(19, 3, '2026-06-18', '2026-07-18', 'Vencida', '2026-06-18 08:30:00'),
(19, 3, '2026-06-26', '2026-07-26', 'Activa', '2026-06-26 08:30:00'),
(20, 3, '2026-06-22', '2026-07-22', 'Vencida', '2026-06-22 08:30:00'),
(20, 3, '2026-06-11', '2026-07-11', 'Vencida', '2026-06-11 08:30:00'),
(21, 3, '2026-06-22', '2026-07-22', 'Vencida', '2026-06-22 08:30:00'),
(21, 3, '2026-05-27', '2026-06-26', 'Vencida', '2026-05-27 08:30:00'),
(22, 3, '2026-04-21', '2026-05-21', 'Vencida', '2026-04-21 08:30:00'),
(22, 3, '2026-05-19', '2026-06-18', 'Vencida', '2026-05-19 08:30:00'),
(22, 3, '2026-06-18', '2026-07-18', 'Vencida', '2026-06-18 08:30:00'),
(22, 3, '2026-07-11', '2026-08-10', 'Suspendida', '2026-07-11 08:30:00'),
(23, 3, '2026-03-18', '2026-04-17', 'Vencida', '2026-03-18 08:30:00'),
(23, 3, '2026-04-18', '2026-05-18', 'Vencida', '2026-04-18 08:30:00'),
(23, 3, '2026-05-21', '2026-06-20', 'Vencida', '2026-05-21 08:30:00'),
(23, 3, '2026-06-19', '2026-07-19', 'Vencida', '2026-06-19 08:30:00'),
(23, 3, '2026-06-29', '2026-07-29', 'Activa', '2026-06-29 08:30:00'),
(24, 3, '2026-05-21', '2026-06-20', 'Vencida', '2026-05-21 08:30:00'),
(24, 3, '2026-06-18', '2026-07-18', 'Vencida', '2026-06-18 08:30:00'),
(24, 3, '2026-05-04', '2026-06-03', 'Vencida', '2026-05-04 08:30:00'),
(25, 3, '2026-03-19', '2026-04-18', 'Vencida', '2026-03-19 08:30:00'),
(25, 3, '2026-04-20', '2026-05-20', 'Vencida', '2026-04-20 08:30:00'),
(25, 3, '2026-05-21', '2026-06-20', 'Vencida', '2026-05-21 08:30:00'),
(25, 3, '2026-06-22', '2026-07-22', 'Vencida', '2026-06-22 08:30:00'),
(25, 3, '2026-05-15', '2026-06-14', 'Vencida', '2026-05-15 08:30:00'),
(26, 3, '2026-03-18', '2026-04-17', 'Vencida', '2026-03-18 08:30:00'),
(26, 3, '2026-04-19', '2026-05-19', 'Vencida', '2026-04-19 08:30:00'),
(26, 3, '2026-05-20', '2026-06-19', 'Vencida', '2026-05-20 08:30:00'),
(26, 3, '2026-06-21', '2026-07-21', 'Vencida', '2026-06-21 08:30:00'),
(26, 3, '2026-07-05', '2026-08-04', 'Activa', '2026-07-05 08:30:00'),
(27, 3, '2026-06-21', '2026-07-21', 'Vencida', '2026-06-21 08:30:00'),
(27, 3, '2026-06-30', '2026-07-30', 'Activa', '2026-06-30 08:30:00'),
(28, 3, '2026-04-19', '2026-05-19', 'Vencida', '2026-04-19 08:30:00'),
(28, 3, '2026-05-18', '2026-06-17', 'Vencida', '2026-05-18 08:30:00'),
(28, 3, '2026-06-20', '2026-07-20', 'Vencida', '2026-06-20 08:30:00'),
(28, 3, '2026-04-26', '2026-05-26', 'Vencida', '2026-04-26 08:30:00'),
(29, 3, '2026-06-21', '2026-07-21', 'Vencida', '2026-06-21 08:30:00'),
(29, 3, '2026-07-03', '2026-08-02', 'Cancelada', '2026-07-03 08:30:00'),
(30, 3, '2026-05-18', '2026-06-17', 'Vencida', '2026-05-18 08:30:00'),
(30, 3, '2026-06-21', '2026-07-21', 'Vencida', '2026-06-21 08:30:00'),
(30, 3, '2026-06-25', '2026-07-25', 'Activa', '2026-06-25 08:30:00'),
(31, 4, '2026-04-20', '2026-05-20', 'Vencida', '2026-04-20 08:30:00'),
(31, 4, '2026-05-18', '2026-06-17', 'Vencida', '2026-05-18 08:30:00'),
(31, 4, '2026-06-20', '2026-07-20', 'Vencida', '2026-06-20 08:30:00'),
(31, 4, '2026-07-17', '2026-08-16', 'Activa', '2026-07-17 08:30:00'),
(32, 2, '2026-04-18', '2026-05-18', 'Vencida', '2026-04-18 08:30:00'),
(32, 2, '2026-05-19', '2026-06-18', 'Vencida', '2026-05-19 08:30:00'),
(32, 2, '2026-06-18', '2026-07-18', 'Vencida', '2026-06-18 08:30:00'),
(32, 2, '2026-06-25', '2026-07-25', 'Activa', '2026-06-25 08:30:00'),
(33, 2, '2026-05-21', '2026-06-20', 'Vencida', '2026-05-21 08:30:00'),
(33, 2, '2026-06-19', '2026-07-19', 'Vencida', '2026-06-19 08:30:00'),
(33, 2, '2026-06-25', '2026-07-25', 'Activa', '2026-06-25 08:30:00'),
(34, 2, '2026-03-21', '2026-04-20', 'Vencida', '2026-03-21 08:30:00'),
(34, 2, '2026-04-20', '2026-05-20', 'Vencida', '2026-04-20 08:30:00'),
(34, 2, '2026-05-22', '2026-06-21', 'Vencida', '2026-05-22 08:30:00'),
(34, 2, '2026-06-20', '2026-07-20', 'Vencida', '2026-06-20 08:30:00'),
(34, 2, '2026-06-30', '2026-07-30', 'Activa', '2026-06-30 08:30:00'),
(35, 2, '2026-05-22', '2026-06-21', 'Vencida', '2026-05-22 08:30:00'),
(35, 2, '2026-06-22', '2026-07-22', 'Vencida', '2026-06-22 08:30:00'),
(35, 2, '2026-06-26', '2026-07-26', 'Activa', '2026-06-26 08:30:00'),
(36, 2, '2026-06-19', '2026-07-19', 'Vencida', '2026-06-19 08:30:00'),
(36, 2, '2026-07-11', '2026-08-10', 'Suspendida', '2026-07-11 08:30:00'),
(37, 2, '2026-06-22', '2026-07-22', 'Vencida', '2026-06-22 08:30:00'),
(37, 2, '2026-05-25', '2026-06-24', 'Vencida', '2026-05-25 08:30:00'),
(38, 2, '2026-04-19', '2026-05-19', 'Vencida', '2026-04-19 08:30:00'),
(38, 2, '2026-05-22', '2026-06-21', 'Vencida', '2026-05-22 08:30:00'),
(38, 2, '2026-06-18', '2026-07-18', 'Vencida', '2026-06-18 08:30:00'),
(38, 2, '2026-07-17', '2026-08-16', 'Activa', '2026-07-17 08:30:00'),
(39, 2, '2026-04-19', '2026-05-19', 'Vencida', '2026-04-19 08:30:00'),
(39, 2, '2026-05-18', '2026-06-17', 'Vencida', '2026-05-18 08:30:00'),
(39, 2, '2026-06-20', '2026-07-20', 'Vencida', '2026-06-20 08:30:00'),
(39, 2, '2026-07-11', '2026-08-10', 'Activa', '2026-07-11 08:30:00'),
(40, 2, '2026-06-18', '2026-07-18', 'Vencida', '2026-06-18 08:30:00'),
(40, 2, '2026-07-10', '2026-08-09', 'Activa', '2026-07-10 08:30:00'),
(41, 2, '2026-05-18', '2026-06-17', 'Vencida', '2026-05-18 08:30:00'),
(41, 2, '2026-06-22', '2026-07-22', 'Vencida', '2026-06-22 08:30:00'),
(41, 2, '2026-06-29', '2026-07-29', 'Activa', '2026-06-29 08:30:00'),
(42, 2, '2026-05-22', '2026-06-21', 'Vencida', '2026-05-22 08:30:00'),
(42, 2, '2026-06-22', '2026-07-22', 'Vencida', '2026-06-22 08:30:00'),
(42, 2, '2026-06-25', '2026-07-25', 'Activa', '2026-06-25 08:30:00'),
(43, 1, '2026-04-21', '2026-04-22', 'Vencida', '2026-04-21 08:30:00'),
(43, 1, '2026-05-20', '2026-05-21', 'Vencida', '2026-05-20 08:30:00'),
(43, 1, '2026-06-20', '2026-06-21', 'Vencida', '2026-06-20 08:30:00'),
(43, 1, '2026-07-08', '2026-07-09', 'Vencida', '2026-07-08 08:30:00'),
(44, 2, '2026-05-22', '2026-06-21', 'Vencida', '2026-05-22 08:30:00'),
(44, 2, '2026-06-20', '2026-07-20', 'Vencida', '2026-06-20 08:30:00'),
(44, 2, '2026-07-03', '2026-08-02', 'Cancelada', '2026-07-03 08:30:00'),
(45, 1, '2026-03-19', '2026-03-20', 'Vencida', '2026-03-19 08:30:00'),
(45, 1, '2026-04-17', '2026-04-18', 'Vencida', '2026-04-17 08:30:00'),
(45, 1, '2026-05-20', '2026-05-21', 'Vencida', '2026-05-20 08:30:00'),
(45, 1, '2026-06-22', '2026-06-23', 'Vencida', '2026-06-22 08:30:00'),
(45, 1, '2026-07-23', '2026-07-24', 'Activa', '2026-07-23 08:30:00'),
(47, 1, '2026-05-20', '2026-05-21', 'Vencida', '2026-05-20 08:30:00'),
(47, 1, '2026-06-19', '2026-06-20', 'Vencida', '2026-06-19 08:30:00'),
(47, 1, '2026-07-23', '2026-07-24', 'Activa', '2026-07-23 08:30:00'),
(50, 1, '2026-06-22', '2026-06-23', 'Vencida', '2026-06-22 08:30:00'),
(50, 1, '2026-07-23', '2026-07-24', 'Activa', '2026-07-23 08:30:00');

-- ---------- Tipos de espacio ----------
INSERT INTO tipos_espacio (nombre, descripcion, precio_hora) VALUES
('Escritorio flexible', 'Puesto de trabajo en area compartida', 8000),
('Oficina privada', 'Oficina cerrada para equipos pequenos', 35000),
('Sala de reuniones', 'Sala equipada con pantalla y videoconferencia', 45000),
('Sala de eventos', 'Auditorio para capacitaciones y lanzamientos', 90000);

-- ---------- Espacios ----------
INSERT INTO espacios (codigo, nombre, id_tipo_espacio, capacidad_maxima, piso, estado) VALUES
('ESP-001', 'Escritorio Flex 1', 1, 1, 1, 'Disponible'),
('ESP-002', 'Escritorio Flex 2', 1, 1, 1, 'Disponible'),
('ESP-003', 'Escritorio Flex 3', 1, 1, 1, 'Disponible'),
('ESP-004', 'Escritorio Flex 4', 1, 1, 1, 'Disponible'),
('ESP-005', 'Escritorio Flex 5', 1, 1, 1, 'Disponible'),
('ESP-006', 'Escritorio Flex 6', 1, 1, 1, 'Disponible'),
('ESP-007', 'Escritorio Flex 7', 1, 1, 1, 'Disponible'),
('ESP-008', 'Escritorio Flex 8', 1, 1, 1, 'Disponible'),
('ESP-009', 'Oficina 1', 2, 4, 2, 'Disponible'),
('ESP-010', 'Oficina 2', 2, 4, 2, 'Disponible'),
('ESP-011', 'Oficina 3', 2, 4, 2, 'Mantenimiento'),
('ESP-012', 'Oficina 4', 2, 4, 2, 'Disponible'),
('ESP-013', 'Sala Reuniones 1', 3, 12, 2, 'Disponible'),
('ESP-014', 'Sala Reuniones 2', 3, 10, 2, 'Inactivo'),
('ESP-015', 'Sala Reuniones 3', 3, 10, 2, 'Disponible'),
('ESP-016', 'Auditorio 1', 4, 60, 3, 'Disponible');

-- ---------- Horarios (lunes a sabado) ----------
INSERT INTO horarios_espacio (id_espacio, dia_semana, hora_apertura, hora_cierre) VALUES
(1, 2, '07:00:00', '20:00:00'),
(1, 3, '07:00:00', '20:00:00'),
(1, 4, '07:00:00', '20:00:00'),
(1, 5, '07:00:00', '20:00:00'),
(1, 6, '07:00:00', '20:00:00'),
(1, 7, '07:00:00', '14:00:00'),
(2, 2, '07:00:00', '20:00:00'),
(2, 3, '07:00:00', '20:00:00'),
(2, 4, '07:00:00', '20:00:00'),
(2, 5, '07:00:00', '20:00:00'),
(2, 6, '07:00:00', '20:00:00'),
(2, 7, '07:00:00', '14:00:00'),
(3, 2, '07:00:00', '20:00:00'),
(3, 3, '07:00:00', '20:00:00'),
(3, 4, '07:00:00', '20:00:00'),
(3, 5, '07:00:00', '20:00:00'),
(3, 6, '07:00:00', '20:00:00'),
(3, 7, '07:00:00', '14:00:00'),
(4, 2, '07:00:00', '20:00:00'),
(4, 3, '07:00:00', '20:00:00'),
(4, 4, '07:00:00', '20:00:00'),
(4, 5, '07:00:00', '20:00:00'),
(4, 6, '07:00:00', '20:00:00'),
(4, 7, '07:00:00', '14:00:00'),
(5, 2, '07:00:00', '20:00:00'),
(5, 3, '07:00:00', '20:00:00'),
(5, 4, '07:00:00', '20:00:00'),
(5, 5, '07:00:00', '20:00:00'),
(5, 6, '07:00:00', '20:00:00'),
(5, 7, '07:00:00', '14:00:00'),
(6, 2, '07:00:00', '20:00:00'),
(6, 3, '07:00:00', '20:00:00'),
(6, 4, '07:00:00', '20:00:00'),
(6, 5, '07:00:00', '20:00:00'),
(6, 6, '07:00:00', '20:00:00'),
(6, 7, '07:00:00', '14:00:00'),
(7, 2, '07:00:00', '20:00:00'),
(7, 3, '07:00:00', '20:00:00'),
(7, 4, '07:00:00', '20:00:00'),
(7, 5, '07:00:00', '20:00:00'),
(7, 6, '07:00:00', '20:00:00'),
(7, 7, '07:00:00', '14:00:00'),
(8, 2, '07:00:00', '20:00:00'),
(8, 3, '07:00:00', '20:00:00'),
(8, 4, '07:00:00', '20:00:00'),
(8, 5, '07:00:00', '20:00:00'),
(8, 6, '07:00:00', '20:00:00'),
(8, 7, '07:00:00', '14:00:00'),
(9, 2, '07:00:00', '20:00:00'),
(9, 3, '07:00:00', '20:00:00'),
(9, 4, '07:00:00', '20:00:00'),
(9, 5, '07:00:00', '20:00:00'),
(9, 6, '07:00:00', '20:00:00'),
(9, 7, '07:00:00', '14:00:00'),
(10, 2, '07:00:00', '20:00:00'),
(10, 3, '07:00:00', '20:00:00'),
(10, 4, '07:00:00', '20:00:00'),
(10, 5, '07:00:00', '20:00:00'),
(10, 6, '07:00:00', '20:00:00'),
(10, 7, '07:00:00', '14:00:00'),
(11, 2, '07:00:00', '20:00:00'),
(11, 3, '07:00:00', '20:00:00'),
(11, 4, '07:00:00', '20:00:00'),
(11, 5, '07:00:00', '20:00:00'),
(11, 6, '07:00:00', '20:00:00'),
(11, 7, '07:00:00', '14:00:00'),
(12, 2, '07:00:00', '20:00:00'),
(12, 3, '07:00:00', '20:00:00'),
(12, 4, '07:00:00', '20:00:00'),
(12, 5, '07:00:00', '20:00:00'),
(12, 6, '07:00:00', '20:00:00'),
(12, 7, '07:00:00', '14:00:00'),
(13, 2, '07:00:00', '20:00:00'),
(13, 3, '07:00:00', '20:00:00'),
(13, 4, '07:00:00', '20:00:00'),
(13, 5, '07:00:00', '20:00:00'),
(13, 6, '07:00:00', '20:00:00'),
(13, 7, '07:00:00', '14:00:00'),
(14, 2, '07:00:00', '20:00:00'),
(14, 3, '07:00:00', '20:00:00'),
(14, 4, '07:00:00', '20:00:00'),
(14, 5, '07:00:00', '20:00:00'),
(14, 6, '07:00:00', '20:00:00'),
(14, 7, '07:00:00', '14:00:00'),
(15, 2, '07:00:00', '20:00:00'),
(15, 3, '07:00:00', '20:00:00'),
(15, 4, '07:00:00', '20:00:00'),
(15, 5, '07:00:00', '20:00:00'),
(15, 6, '07:00:00', '20:00:00'),
(15, 7, '07:00:00', '14:00:00'),
(16, 2, '07:00:00', '20:00:00'),
(16, 3, '07:00:00', '20:00:00'),
(16, 4, '07:00:00', '20:00:00'),
(16, 5, '07:00:00', '20:00:00'),
(16, 6, '07:00:00', '20:00:00'),
(16, 7, '07:00:00', '14:00:00');

-- ---------- Reservas ----------
-- Incluye: reservas que exceden la capacidad del espacio, cancelaciones,
-- No Show, pendientes sin confirmar y reservas futuras.
INSERT INTO reservas (id_usuario, id_espacio, fecha_hora_inicio, fecha_hora_fin, num_asistentes, estado, monto_total, fecha_creacion, motivo_cancelacion) VALUES
(17, 8, '2026-03-08 13:00:00', '2026-03-08 15:00:00', 1, 'Cancelada', 16000, '2026-02-28 13:00:00', 'Espacio en mantenimiento imprevisto'),
(26, 11, '2026-03-10 10:00:00', '2026-03-10 12:00:00', 2, 'Completada', 70000, '2026-03-04 10:00:00', NULL),
(23, 14, '2026-06-24 14:00:00', '2026-06-24 15:00:00', 3, 'Completada', 45000, '2026-06-16 14:00:00', NULL),
(37, 5, '2026-05-14 11:00:00', '2026-05-14 13:00:00', 2, 'Completada', 16000, '2026-05-08 11:00:00', NULL),
(18, 15, '2026-04-01 09:00:00', '2026-04-01 12:00:00', 5, 'Completada', 135000, '2026-03-28 09:00:00', NULL),
(22, 5, '2026-06-16 08:00:00', '2026-06-16 10:00:00', 1, 'Completada', 16000, '2026-06-06 08:00:00', NULL),
(30, 13, '2026-05-06 07:00:00', '2026-05-06 10:00:00', 12, 'Completada', 135000, '2026-04-30 07:00:00', NULL),
(44, 14, '2026-04-20 08:00:00', '2026-04-20 12:00:00', 8, 'Completada', 180000, '2026-04-11 08:00:00', NULL),
(34, 7, '2026-05-12 13:00:00', '2026-05-12 17:00:00', 1, 'Completada', 32000, '2026-05-11 13:00:00', NULL),
(26, 6, '2026-01-26 11:00:00', '2026-01-26 14:00:00', 1, 'Completada', 24000, '2026-01-23 11:00:00', NULL),
(22, 14, '2026-08-11 15:00:00', '2026-08-11 17:00:00', 6, 'Pendiente', 90000, '2026-08-10 15:00:00', NULL),
(15, 4, '2026-07-12 11:00:00', '2026-07-12 13:00:00', 1, 'Cancelada', 16000, '2026-07-04 11:00:00', 'Reunion reprogramada'),
(33, 9, '2026-07-02 13:00:00', '2026-07-02 14:00:00', 2, 'Completada', 35000, '2026-06-23 13:00:00', NULL),
(1, 4, '2026-03-04 13:00:00', '2026-03-04 14:00:00', 1, 'Completada', 8000, '2026-02-28 13:00:00', NULL),
(39, 6, '2026-07-23 11:00:00', '2026-07-23 12:00:00', 1, 'Completada', 8000, '2026-07-14 11:00:00', NULL),
(44, 5, '2026-02-20 07:00:00', '2026-02-20 09:00:00', 1, 'Completada', 16000, '2026-02-19 07:00:00', NULL),
(12, 8, '2026-05-24 13:00:00', '2026-05-24 15:00:00', 1, 'Completada', 16000, '2026-05-18 13:00:00', NULL),
(39, 16, '2026-03-30 15:00:00', '2026-03-30 17:00:00', 54, 'No Show', 180000, '2026-03-25 15:00:00', NULL),
(3, 16, '2026-02-27 07:00:00', '2026-02-27 09:00:00', 52, 'Completada', 180000, '2026-02-21 07:00:00', NULL),
(17, 15, '2026-03-15 13:00:00', '2026-03-15 15:00:00', 9, 'Completada', 90000, '2026-03-08 13:00:00', NULL),
(20, 7, '2026-06-21 07:00:00', '2026-06-21 09:00:00', 1, 'Completada', 16000, '2026-06-12 07:00:00', NULL),
(44, 10, '2026-05-27 17:00:00', '2026-05-27 18:00:00', 3, 'Completada', 35000, '2026-05-19 17:00:00', NULL),
(21, 11, '2026-04-26 09:00:00', '2026-04-26 10:00:00', 2, 'Cancelada', 35000, '2026-04-17 09:00:00', 'Espacio en mantenimiento imprevisto'),
(34, 13, '2026-07-04 08:00:00', '2026-07-04 11:00:00', 4, 'Completada', 135000, '2026-07-03 08:00:00', NULL),
(30, 8, '2026-03-18 14:00:00', '2026-03-18 17:00:00', 1, 'Completada', 24000, '2026-03-09 14:00:00', NULL),
(14, 9, '2026-08-10 15:00:00', '2026-08-10 16:00:00', 3, 'Confirmada', 35000, '2026-08-03 15:00:00', NULL),
(35, 7, '2026-03-03 17:00:00', '2026-03-03 20:00:00', 1, 'Completada', 24000, '2026-02-28 17:00:00', NULL),
(9, 2, '2026-07-13 07:00:00', '2026-07-13 09:00:00', 4, 'Completada', 16000, '2026-07-10 07:00:00', NULL),
(9, 9, '2026-06-11 13:00:00', '2026-06-11 14:00:00', 4, 'Completada', 35000, '2026-06-08 13:00:00', NULL),
(12, 2, '2026-08-04 09:00:00', '2026-08-04 13:00:00', 1, 'Confirmada', 32000, '2026-07-25 09:00:00', NULL),
(32, 1, '2026-04-10 10:00:00', '2026-04-10 13:00:00', 1, 'Completada', 24000, '2026-04-01 10:00:00', NULL),
(6, 15, '2026-07-17 14:00:00', '2026-07-17 15:00:00', 6, 'Completada', 45000, '2026-07-14 14:00:00', NULL),
(33, 2, '2026-05-24 07:00:00', '2026-05-24 08:00:00', 1, 'Completada', 8000, '2026-05-18 07:00:00', NULL),
(38, 9, '2026-04-18 07:00:00', '2026-04-18 08:00:00', 2, 'Cancelada', 35000, '2026-04-11 07:00:00', 'Cliente cancelo por viaje'),
(43, 14, '2026-03-16 09:00:00', '2026-03-16 10:00:00', 4, 'No Show', 45000, '2026-03-08 09:00:00', NULL),
(14, 12, '2026-03-05 16:00:00', '2026-03-05 18:00:00', 4, 'Completada', 70000, '2026-02-25 16:00:00', NULL),
(24, 7, '2026-04-13 15:00:00', '2026-04-13 18:00:00', 1, 'Completada', 24000, '2026-04-11 15:00:00', NULL),
(14, 7, '2026-02-22 08:00:00', '2026-02-22 10:00:00', 1, 'Completada', 16000, '2026-02-20 08:00:00', NULL),
(12, 7, '2026-07-07 14:00:00', '2026-07-07 15:00:00', 1, 'Completada', 8000, '2026-07-06 14:00:00', NULL),
(36, 5, '2026-07-08 11:00:00', '2026-07-08 13:00:00', 1, 'Completada', 16000, '2026-07-01 11:00:00', NULL),
(1, 16, '2026-06-06 15:00:00', '2026-06-06 17:00:00', 54, 'Completada', 180000, '2026-05-31 15:00:00', NULL),
(32, 5, '2026-02-20 09:00:00', '2026-02-20 12:00:00', 1, 'Completada', 24000, '2026-02-14 09:00:00', NULL),
(30, 13, '2026-06-28 17:00:00', '2026-06-28 18:00:00', 12, 'Completada', 45000, '2026-06-19 17:00:00', NULL),
(21, 9, '2026-07-17 08:00:00', '2026-07-17 10:00:00', 4, 'Completada', 70000, '2026-07-11 08:00:00', NULL),
(35, 4, '2026-04-04 11:00:00', '2026-04-04 12:00:00', 1, 'Cancelada', 8000, '2026-04-02 11:00:00', 'Cliente cancelo por viaje'),
(34, 15, '2026-06-17 08:00:00', '2026-06-17 10:00:00', 10, 'Completada', 90000, '2026-06-09 08:00:00', NULL),
(40, 16, '2026-06-11 07:00:00', '2026-06-11 08:00:00', 58, 'Completada', 90000, '2026-06-05 07:00:00', NULL),
(9, 1, '2026-02-19 14:00:00', '2026-02-19 15:00:00', 1, 'Completada', 8000, '2026-02-10 14:00:00', NULL),
(17, 1, '2026-02-04 08:00:00', '2026-02-04 11:00:00', 1, 'Completada', 24000, '2026-01-29 08:00:00', NULL),
(10, 10, '2026-05-24 10:00:00', '2026-05-24 12:00:00', 4, 'Completada', 70000, '2026-05-20 10:00:00', NULL),
(26, 8, '2026-06-04 13:00:00', '2026-06-04 15:00:00', 1, 'Completada', 16000, '2026-05-27 13:00:00', NULL),
(16, 6, '2026-05-16 10:00:00', '2026-05-16 11:00:00', 1, 'No Show', 8000, '2026-05-06 10:00:00', NULL),
(25, 16, '2026-06-08 07:00:00', '2026-06-08 09:00:00', 14, 'Completada', 180000, '2026-06-01 07:00:00', NULL),
(3, 15, '2026-08-12 09:00:00', '2026-08-12 11:00:00', 4, 'Confirmada', 90000, '2026-08-06 09:00:00', NULL),
(18, 14, '2026-07-31 17:00:00', '2026-07-31 18:00:00', 6, 'Confirmada', 45000, '2026-07-22 17:00:00', NULL),
(11, 4, '2026-06-17 13:00:00', '2026-06-17 14:00:00', 2, 'Cancelada', 8000, '2026-06-09 13:00:00', 'Reunion reprogramada'),
(26, 4, '2026-02-20 14:00:00', '2026-02-20 16:00:00', 1, 'Completada', 16000, '2026-02-16 14:00:00', NULL),
(13, 2, '2026-04-01 09:00:00', '2026-04-01 12:00:00', 1, 'Completada', 24000, '2026-03-26 09:00:00', NULL),
(6, 9, '2026-03-07 07:00:00', '2026-03-07 08:00:00', 1, 'Completada', 35000, '2026-02-27 07:00:00', NULL),
(36, 2, '2026-04-25 15:00:00', '2026-04-25 18:00:00', 1, 'Completada', 24000, '2026-04-21 15:00:00', NULL),
(42, 16, '2026-02-05 11:00:00', '2026-02-05 12:00:00', 11, 'Completada', 90000, '2026-02-03 11:00:00', NULL),
(18, 7, '2026-01-25 11:00:00', '2026-01-25 14:00:00', 1, 'Completada', 24000, '2026-01-17 11:00:00', NULL),
(17, 3, '2026-07-22 16:00:00', '2026-07-22 17:00:00', 1, 'Completada', 8000, '2026-07-14 16:00:00', NULL),
(4, 12, '2026-03-23 16:00:00', '2026-03-23 18:00:00', 4, 'Completada', 70000, '2026-03-21 16:00:00', NULL),
(16, 2, '2026-01-27 14:00:00', '2026-01-27 16:00:00', 1, 'Completada', 16000, '2026-01-19 14:00:00', NULL),
(44, 6, '2026-03-08 10:00:00', '2026-03-08 11:00:00', 1, 'Completada', 8000, '2026-02-27 10:00:00', NULL),
(22, 13, '2026-04-05 09:00:00', '2026-04-05 11:00:00', 2, 'Cancelada', 90000, '2026-03-30 09:00:00', 'Cliente cancelo por viaje'),
(5, 5, '2026-06-18 16:00:00', '2026-06-18 17:00:00', 1, 'Completada', 8000, '2026-06-15 16:00:00', NULL),
(44, 11, '2026-03-09 15:00:00', '2026-03-09 18:00:00', 1, 'No Show', 105000, '2026-03-06 15:00:00', NULL),
(1, 13, '2026-02-15 15:00:00', '2026-02-15 19:00:00', 7, 'Completada', 180000, '2026-02-05 15:00:00', NULL),
(22, 12, '2026-02-14 17:00:00', '2026-02-14 18:00:00', 3, 'Completada', 35000, '2026-02-10 17:00:00', NULL),
(8, 13, '2026-03-27 11:00:00', '2026-03-27 14:00:00', 11, 'Completada', 135000, '2026-03-17 11:00:00', NULL),
(44, 6, '2026-04-12 16:00:00', '2026-04-12 17:00:00', 1, 'Completada', 8000, '2026-04-06 16:00:00', NULL),
(12, 15, '2026-06-24 08:00:00', '2026-06-24 09:00:00', 8, 'Completada', 45000, '2026-06-21 08:00:00', NULL),
(39, 16, '2026-02-21 08:00:00', '2026-02-21 09:00:00', 1, 'Completada', 90000, '2026-02-11 08:00:00', NULL),
(34, 10, '2026-03-02 14:00:00', '2026-03-02 16:00:00', 1, 'Completada', 70000, '2026-02-22 14:00:00', NULL),
(39, 10, '2026-03-03 14:00:00', '2026-03-03 18:00:00', 1, 'Completada', 140000, '2026-02-23 14:00:00', NULL),
(38, 4, '2026-02-17 10:00:00', '2026-02-17 12:00:00', 1, 'Cancelada', 16000, '2026-02-10 10:00:00', 'Cliente cancelo por viaje'),
(18, 15, '2026-08-08 15:00:00', '2026-08-08 19:00:00', 5, 'Confirmada', 180000, '2026-07-31 15:00:00', NULL),
(40, 14, '2026-05-24 11:00:00', '2026-05-24 13:00:00', 3, 'Completada', 90000, '2026-05-22 11:00:00', NULL),
(40, 1, '2026-03-17 10:00:00', '2026-03-17 14:00:00', 1, 'Completada', 32000, '2026-03-10 10:00:00', NULL),
(15, 11, '2026-03-07 08:00:00', '2026-03-07 09:00:00', 4, 'Completada', 35000, '2026-03-04 08:00:00', NULL),
(39, 11, '2026-07-08 16:00:00', '2026-07-08 18:00:00', 2, 'Completada', 70000, '2026-06-28 16:00:00', NULL),
(36, 10, '2026-06-11 16:00:00', '2026-06-11 18:00:00', 3, 'Completada', 70000, '2026-06-05 16:00:00', NULL),
(29, 8, '2026-03-09 16:00:00', '2026-03-09 18:00:00', 1, 'Completada', 16000, '2026-02-27 16:00:00', NULL),
(13, 10, '2026-03-08 14:00:00', '2026-03-08 18:00:00', 2, 'No Show', 140000, '2026-02-28 14:00:00', NULL),
(25, 16, '2026-07-17 07:00:00', '2026-07-17 10:00:00', 20, 'Completada', 270000, '2026-07-16 07:00:00', NULL),
(39, 11, '2026-06-16 11:00:00', '2026-06-16 13:00:00', 2, 'Completada', 70000, '2026-06-07 11:00:00', NULL),
(33, 10, '2026-07-13 17:00:00', '2026-07-13 20:00:00', 7, 'Cancelada', 105000, '2026-07-06 17:00:00', 'Espacio en mantenimiento imprevisto'),
(34, 8, '2026-01-27 14:00:00', '2026-01-27 17:00:00', 1, 'Completada', 24000, '2026-01-20 14:00:00', NULL),
(40, 12, '2026-03-27 16:00:00', '2026-03-27 19:00:00', 4, 'Completada', 105000, '2026-03-21 16:00:00', NULL),
(2, 4, '2026-03-25 10:00:00', '2026-03-25 11:00:00', 1, 'Completada', 8000, '2026-03-15 10:00:00', NULL),
(26, 16, '2026-03-05 14:00:00', '2026-03-05 17:00:00', 13, 'Completada', 270000, '2026-02-27 14:00:00', NULL),
(2, 3, '2026-02-18 08:00:00', '2026-02-18 09:00:00', 1, 'Completada', 8000, '2026-02-16 08:00:00', NULL),
(30, 12, '2026-07-05 16:00:00', '2026-07-05 20:00:00', 1, 'Completada', 140000, '2026-06-28 16:00:00', NULL),
(16, 11, '2026-04-13 07:00:00', '2026-04-13 08:00:00', 1, 'Completada', 35000, '2026-04-07 07:00:00', NULL),
(43, 5, '2026-05-21 14:00:00', '2026-05-21 15:00:00', 1, 'Completada', 8000, '2026-05-17 14:00:00', NULL),
(36, 16, '2026-04-21 17:00:00', '2026-04-21 18:00:00', 8, 'Completada', 90000, '2026-04-19 17:00:00', NULL),
(23, 8, '2026-03-03 15:00:00', '2026-03-03 17:00:00', 1, 'Completada', 16000, '2026-02-22 15:00:00', NULL),
(28, 5, '2026-02-16 07:00:00', '2026-02-16 11:00:00', 1, 'Cancelada', 32000, '2026-02-14 07:00:00', 'Cancelacion por falta de pago'),
(29, 16, '2026-02-08 15:00:00', '2026-02-08 17:00:00', 23, 'Completada', 180000, '2026-02-06 15:00:00', NULL),
(4, 14, '2026-03-11 14:00:00', '2026-03-11 18:00:00', 11, 'Completada', 180000, '2026-03-06 14:00:00', NULL),
(35, 8, '2026-05-12 08:00:00', '2026-05-12 10:00:00', 1, 'No Show', 16000, '2026-05-11 08:00:00', NULL),
(10, 10, '2026-03-31 14:00:00', '2026-03-31 15:00:00', 2, 'Completada', 35000, '2026-03-25 14:00:00', NULL),
(5, 14, '2026-07-05 08:00:00', '2026-07-05 11:00:00', 10, 'Completada', 135000, '2026-06-30 08:00:00', NULL),
(21, 14, '2026-06-30 17:00:00', '2026-06-30 19:00:00', 4, 'Completada', 90000, '2026-06-20 17:00:00', NULL),
(34, 6, '2026-06-08 14:00:00', '2026-06-08 16:00:00', 1, 'Completada', 16000, '2026-05-30 14:00:00', NULL),
(40, 9, '2026-06-07 15:00:00', '2026-06-07 17:00:00', 4, 'Completada', 70000, '2026-06-02 15:00:00', NULL),
(14, 15, '2026-03-06 13:00:00', '2026-03-06 16:00:00', 5, 'Completada', 135000, '2026-03-01 13:00:00', NULL),
(20, 4, '2026-06-28 10:00:00', '2026-06-28 11:00:00', 1, 'Completada', 8000, '2026-06-18 10:00:00', NULL),
(39, 11, '2026-07-21 13:00:00', '2026-07-21 17:00:00', 1, 'Cancelada', 140000, '2026-07-14 13:00:00', 'Espacio en mantenimiento imprevisto'),
(42, 14, '2026-06-29 15:00:00', '2026-06-29 18:00:00', 7, 'Completada', 135000, '2026-06-27 15:00:00', NULL),
(24, 14, '2026-08-05 15:00:00', '2026-08-05 18:00:00', 6, 'Confirmada', 135000, '2026-07-29 15:00:00', NULL),
(23, 1, '2026-08-06 13:00:00', '2026-08-06 15:00:00', 1, 'Confirmada', 16000, '2026-07-29 13:00:00', NULL),
(1, 12, '2026-05-09 15:00:00', '2026-05-09 16:00:00', 1, 'Completada', 35000, '2026-05-04 15:00:00', NULL),
(35, 2, '2026-02-22 13:00:00', '2026-02-22 15:00:00', 1, 'Completada', 16000, '2026-02-15 13:00:00', NULL),
(20, 9, '2026-01-24 10:00:00', '2026-01-24 11:00:00', 1, 'Completada', 35000, '2026-01-22 10:00:00', NULL),
(15, 6, '2026-02-05 13:00:00', '2026-02-05 16:00:00', 1, 'Completada', 24000, '2026-02-03 13:00:00', NULL),
(44, 2, '2026-04-08 09:00:00', '2026-04-08 10:00:00', 1, 'Completada', 8000, '2026-04-04 09:00:00', NULL),
(8, 3, '2026-02-19 08:00:00', '2026-02-19 11:00:00', 1, 'No Show', 24000, '2026-02-18 08:00:00', NULL),
(9, 15, '2026-06-16 07:00:00', '2026-06-16 09:00:00', 7, 'Completada', 90000, '2026-06-10 07:00:00', NULL),
(36, 15, '2026-03-13 07:00:00', '2026-03-13 09:00:00', 5, 'Cancelada', 90000, '2026-03-08 07:00:00', 'Reunion reprogramada'),
(41, 6, '2026-06-28 14:00:00', '2026-06-28 18:00:00', 1, 'Completada', 32000, '2026-06-26 14:00:00', NULL),
(30, 14, '2026-05-26 15:00:00', '2026-05-26 19:00:00', 3, 'Completada', 180000, '2026-05-25 15:00:00', NULL),
(19, 4, '2026-02-25 14:00:00', '2026-02-25 15:00:00', 1, 'Completada', 8000, '2026-02-17 14:00:00', NULL),
(34, 5, '2026-03-17 13:00:00', '2026-03-17 14:00:00', 1, 'Completada', 8000, '2026-03-16 13:00:00', NULL),
(7, 7, '2026-05-23 14:00:00', '2026-05-23 15:00:00', 1, 'Completada', 8000, '2026-05-16 14:00:00', NULL),
(5, 1, '2026-04-27 17:00:00', '2026-04-27 21:00:00', 1, 'Completada', 32000, '2026-04-22 17:00:00', NULL),
(36, 8, '2026-03-14 13:00:00', '2026-03-14 15:00:00', 1, 'Completada', 16000, '2026-03-09 13:00:00', NULL),
(35, 4, '2026-06-12 08:00:00', '2026-06-12 12:00:00', 1, 'Completada', 32000, '2026-06-04 08:00:00', NULL),
(36, 12, '2026-08-12 09:00:00', '2026-08-12 10:00:00', 2, 'Pendiente', 35000, '2026-08-03 09:00:00', NULL),
(17, 4, '2026-05-03 11:00:00', '2026-05-03 14:00:00', 1, 'Completada', 24000, '2026-04-27 11:00:00', NULL),
(13, 7, '2026-08-06 09:00:00', '2026-08-06 11:00:00', 1, 'Pendiente', 16000, '2026-07-27 09:00:00', NULL),
(9, 10, '2026-06-09 07:00:00', '2026-06-09 10:00:00', 3, 'Completada', 105000, '2026-06-05 07:00:00', NULL),
(18, 16, '2026-07-05 07:00:00', '2026-07-05 09:00:00', 62, 'Completada', 180000, '2026-06-30 07:00:00', NULL),
(30, 13, '2026-07-25 08:00:00', '2026-07-25 09:00:00', 5, 'Pendiente', 45000, '2026-07-20 08:00:00', NULL),
(44, 14, '2026-02-11 15:00:00', '2026-02-11 17:00:00', 5, 'No Show', 90000, '2026-02-06 15:00:00', NULL),
(9, 2, '2026-02-10 11:00:00', '2026-02-10 13:00:00', 1, 'Completada', 16000, '2026-02-06 11:00:00', NULL),
(42, 7, '2026-06-11 07:00:00', '2026-06-11 08:00:00', 1, 'Completada', 8000, '2026-06-07 07:00:00', NULL),
(2, 11, '2026-02-17 11:00:00', '2026-02-17 13:00:00', 4, 'Completada', 70000, '2026-02-11 11:00:00', NULL),
(35, 8, '2026-02-03 13:00:00', '2026-02-03 17:00:00', 1, 'Completada', 32000, '2026-01-26 13:00:00', NULL),
(45, 14, '2026-02-08 13:00:00', '2026-02-08 15:00:00', 4, 'Completada', 90000, '2026-01-30 13:00:00', NULL),
(17, 12, '2026-05-07 16:00:00', '2026-05-07 17:00:00', 1, 'Completada', 35000, '2026-04-30 16:00:00', NULL),
(30, 2, '2026-07-07 17:00:00', '2026-07-07 18:00:00', 1, 'Cancelada', 8000, '2026-06-29 17:00:00', 'Reunion reprogramada'),
(26, 4, '2026-07-25 13:00:00', '2026-07-25 14:00:00', 1, 'Pendiente', 8000, '2026-07-21 13:00:00', NULL),
(28, 8, '2026-07-08 10:00:00', '2026-07-08 12:00:00', 1, 'Completada', 16000, '2026-06-30 10:00:00', NULL),
(44, 1, '2026-02-24 07:00:00', '2026-02-24 11:00:00', 1, 'Completada', 32000, '2026-02-18 07:00:00', NULL),
(12, 13, '2026-07-07 09:00:00', '2026-07-07 10:00:00', 12, 'Completada', 45000, '2026-06-27 09:00:00', NULL),
(20, 6, '2026-04-12 14:00:00', '2026-04-12 16:00:00', 1, 'Completada', 16000, '2026-04-05 14:00:00', NULL),
(36, 14, '2026-03-16 08:00:00', '2026-03-16 10:00:00', 7, 'Completada', 90000, '2026-03-10 08:00:00', NULL);

-- ---------- Servicios adicionales ----------
INSERT INTO servicios (nombre, descripcion, precio, unidad_medida, activo) VALUES
('Internet premium', 'Ancho de banda dedicado 100 Mbps', 45000, 'Mes', TRUE),
('Locker personal', 'Casillero con llave', 30000, 'Mes', TRUE),
('Cafe ilimitado', 'Barra de cafe durante la jornada', 25000, 'Mes', TRUE),
('Impresiones B/N', 'Paquete de 100 impresiones', 15000, 'Paquete', TRUE),
('Impresiones color', 'Paquete de 50 impresiones a color', 35000, 'Paquete', TRUE),
('Alquiler proyector', 'Proyector full HD por jornada', 40000, 'Dia', TRUE),
('Sala de llamadas', 'Cabina insonorizada por hora', 12000, 'Hora', TRUE),
('Parqueadero', 'Cupo de parqueo mensual', 90000, 'Mes', TRUE),
('Domicilio almuerzo', 'Servicio de catering individual', 22000, 'Dia', TRUE),
('Soporte tecnico', 'Asistencia tecnica en sitio', 60000, 'Hora', FALSE);

-- ---------- Servicios contratados ----------
INSERT INTO servicios_contratados (id_usuario, id_servicio, id_reserva, cantidad, precio_unitario, subtotal, fecha_contratacion, estado) VALUES
(14, 9, NULL, 3, 22000, 66000, '2026-05-16 13:00:00', 'Finalizado'),
(16, 6, 50, 3, 40000, 120000, '2026-06-05 09:00:00', 'Activo'),
(30, 3, NULL, 1, 25000, 25000, '2026-05-04 17:00:00', 'Activo'),
(27, 8, 71, 2, 90000, 180000, '2026-01-26 09:00:00', 'Activo'),
(41, 1, NULL, 2, 45000, 90000, '2026-04-27 09:00:00', 'Finalizado'),
(25, 9, 81, 3, 22000, 66000, '2026-06-29 09:00:00', 'Finalizado'),
(45, 5, NULL, 1, 35000, 35000, '2026-05-20 13:00:00', 'Activo'),
(37, 6, 70, 1, 40000, 40000, '2026-01-30 12:00:00', 'Activo'),
(11, 5, 133, 2, 35000, 70000, '2026-01-07 16:00:00', 'Activo'),
(9, 5, 46, 2, 35000, 70000, '2026-06-29 17:00:00', 'Finalizado'),
(24, 7, NULL, 3, 12000, 36000, '2026-07-05 08:00:00', 'Activo'),
(2, 1, 34, 3, 45000, 135000, '2026-07-17 15:00:00', 'Activo'),
(4, 1, NULL, 3, 45000, 135000, '2026-01-07 08:00:00', 'Finalizado'),
(13, 3, 57, 2, 25000, 50000, '2026-04-18 15:00:00', 'Activo'),
(3, 4, 129, 1, 15000, 15000, '2026-03-30 16:00:00', 'Finalizado'),
(45, 2, NULL, 2, 30000, 60000, '2026-07-03 09:00:00', 'Finalizado'),
(20, 7, 21, 1, 12000, 12000, '2026-06-05 08:00:00', 'Activo'),
(16, 9, NULL, 1, 22000, 22000, '2026-05-05 08:00:00', 'Activo'),
(41, 4, NULL, 1, 15000, 15000, '2026-06-10 14:00:00', 'Activo'),
(13, 8, NULL, 1, 90000, 90000, '2026-06-27 13:00:00', 'Finalizado'),
(23, 3, 12, 3, 25000, 75000, '2026-06-17 14:00:00', 'Activo'),
(29, 1, NULL, 3, 45000, 135000, '2026-01-05 17:00:00', 'Activo'),
(29, 8, NULL, 1, 90000, 90000, '2026-02-18 10:00:00', 'Finalizado'),
(38, 3, NULL, 1, 25000, 25000, '2026-01-15 11:00:00', 'Activo'),
(13, 8, NULL, 1, 90000, 90000, '2026-01-28 09:00:00', 'Finalizado'),
(33, 7, 31, 1, 12000, 12000, '2026-02-23 17:00:00', 'Activo'),
(39, 2, NULL, 2, 30000, 60000, '2026-02-02 14:00:00', 'Activo'),
(31, 6, 81, 2, 40000, 80000, '2026-04-05 14:00:00', 'Activo'),
(15, 6, 107, 1, 40000, 40000, '2026-03-12 10:00:00', 'Bloqueado'),
(21, 8, 24, 1, 90000, 90000, '2026-05-15 09:00:00', 'Activo'),
(30, 3, 105, 2, 25000, 50000, '2026-06-14 16:00:00', 'Finalizado'),
(11, 1, NULL, 3, 45000, 135000, '2026-07-19 16:00:00', 'Activo'),
(9, 5, NULL, 1, 35000, 35000, '2026-01-12 12:00:00', 'Activo'),
(9, 7, NULL, 1, 12000, 12000, '2026-01-26 08:00:00', 'Finalizado'),
(44, 6, 31, 1, 40000, 40000, '2026-07-20 12:00:00', 'Finalizado'),
(8, 6, NULL, 1, 40000, 40000, '2026-06-26 11:00:00', 'Activo'),
(15, 3, NULL, 2, 25000, 50000, '2026-04-15 17:00:00', 'Bloqueado'),
(24, 7, NULL, 3, 12000, 36000, '2026-03-10 10:00:00', 'Finalizado'),
(30, 7, 131, 3, 12000, 36000, '2026-06-28 17:00:00', 'Activo'),
(26, 2, 136, 1, 30000, 30000, '2026-04-11 08:00:00', 'Activo'),
(30, 1, 55, 1, 45000, 45000, '2026-01-08 17:00:00', 'Finalizado'),
(26, 6, 33, 1, 40000, 40000, '2026-05-08 14:00:00', 'Finalizado'),
(21, 6, 93, 1, 40000, 40000, '2026-07-09 08:00:00', 'Activo'),
(28, 4, NULL, 3, 15000, 45000, '2026-01-18 15:00:00', 'Activo'),
(5, 2, NULL, 1, 30000, 30000, '2026-05-26 11:00:00', 'Activo'),
(41, 6, 142, 1, 40000, 40000, '2026-07-13 17:00:00', 'Activo'),
(36, 7, 27, 3, 12000, 36000, '2026-04-30 12:00:00', 'Bloqueado'),
(14, 2, 50, 2, 30000, 60000, '2026-06-15 10:00:00', 'Activo'),
(23, 1, 41, 1, 45000, 45000, '2026-04-19 09:00:00', 'Activo'),
(6, 5, NULL, 3, 35000, 105000, '2026-06-23 16:00:00', 'Activo'),
(14, 5, NULL, 1, 35000, 35000, '2026-05-29 16:00:00', 'Activo'),
(26, 2, 34, 1, 30000, 30000, '2026-01-19 10:00:00', 'Activo'),
(12, 3, NULL, 1, 25000, 25000, '2026-05-31 15:00:00', 'Finalizado'),
(35, 8, 75, 2, 90000, 180000, '2026-04-21 12:00:00', 'Activo'),
(11, 5, NULL, 2, 35000, 70000, '2026-05-10 18:00:00', 'Activo'),
(10, 5, NULL, 1, 35000, 35000, '2026-05-15 09:00:00', 'Finalizado'),
(41, 3, NULL, 3, 25000, 75000, '2026-05-04 12:00:00', 'Finalizado'),
(41, 8, 71, 2, 90000, 180000, '2026-06-30 11:00:00', 'Finalizado'),
(40, 4, NULL, 2, 15000, 30000, '2026-04-26 08:00:00', 'Activo'),
(19, 7, NULL, 2, 12000, 24000, '2026-02-26 14:00:00', 'Activo'),
(4, 6, 57, 2, 40000, 80000, '2026-05-31 16:00:00', 'Activo'),
(30, 3, NULL, 2, 25000, 50000, '2026-03-26 09:00:00', 'Finalizado'),
(1, 7, 103, 2, 12000, 24000, '2026-07-11 11:00:00', 'Activo'),
(30, 3, 139, 1, 25000, 25000, '2026-06-20 14:00:00', 'Activo'),
(25, 1, 129, 2, 45000, 90000, '2026-04-23 09:00:00', 'Finalizado'),
(27, 5, 144, 3, 35000, 105000, '2026-07-11 18:00:00', 'Activo'),
(16, 7, NULL, 1, 12000, 12000, '2026-02-24 18:00:00', 'Activo'),
(35, 8, NULL, 2, 90000, 180000, '2026-01-18 17:00:00', 'Activo'),
(32, 2, 146, 1, 30000, 30000, '2026-04-09 18:00:00', 'Finalizado'),
(2, 1, NULL, 1, 45000, 45000, '2026-06-10 08:00:00', 'Activo'),
(32, 1, NULL, 1, 45000, 45000, '2026-02-15 10:00:00', 'Finalizado'),
(40, 9, 128, 2, 22000, 44000, '2026-07-09 14:00:00', 'Activo'),
(10, 5, 120, 2, 35000, 70000, '2026-05-14 14:00:00', 'Finalizado'),
(25, 5, 54, 1, 35000, 35000, '2026-04-03 15:00:00', 'Activo'),
(29, 8, 74, 3, 90000, 270000, '2026-01-25 13:00:00', 'Activo'),
(14, 5, 101, 2, 35000, 70000, '2026-06-18 18:00:00', 'Finalizado'),
(23, 3, NULL, 1, 25000, 25000, '2026-05-30 11:00:00', 'Activo'),
(11, 2, NULL, 1, 30000, 30000, '2026-03-14 14:00:00', 'Finalizado'),
(38, 3, NULL, 1, 25000, 25000, '2026-05-27 16:00:00', 'Activo'),
(13, 2, NULL, 1, 30000, 30000, '2026-01-13 15:00:00', 'Activo'),
(6, 6, 33, 3, 40000, 120000, '2026-06-14 17:00:00', 'Activo'),
(12, 1, 87, 2, 45000, 90000, '2026-05-01 15:00:00', 'Finalizado'),
(37, 9, NULL, 1, 22000, 22000, '2026-01-25 14:00:00', 'Finalizado'),
(14, 5, 9, 2, 35000, 70000, '2026-01-19 12:00:00', 'Finalizado'),
(21, 1, 96, 1, 45000, 45000, '2026-04-08 08:00:00', 'Activo');

-- ---------- Metodos de pago ----------
INSERT INTO metodos_pago (nombre, activo) VALUES
('Efectivo', TRUE),
('Tarjeta', TRUE),
('Transferencia', TRUE),
('PayPal', TRUE);

-- ---------- Facturas ----------
-- Incluye facturas pagadas, con pago parcial y saldo pendiente,
-- vencidas sin pagar, anuladas con motivo y una consolidada por empresa.
INSERT INTO facturas (numero_factura, id_usuario, id_empresa, id_membresia, id_reserva, tipo_origen, subtotal, recargo, total, saldo_pendiente, estado, fecha_emision, fecha_vencimiento, motivo_anulacion) VALUES
('FAC-2026-0001', 1, NULL, 5, NULL, 'Membresia', 25000, 0, 25000, 0, 'Pagada', '2026-04-21', '2026-05-06', NULL),
('FAC-2026-0002', 1, NULL, 6, NULL, 'Membresia', 25000, 0, 25000, 25000, 'Pendiente', '2026-04-30', '2026-05-15', NULL),
('FAC-2026-0003', 1, NULL, 8, NULL, 'Membresia', 25000, 0, 25000, 25000, 'Pendiente', '2026-05-18', '2026-06-02', NULL),
('FAC-2026-0004', 1, NULL, 9, NULL, 'Membresia', 25000, 1250.0, 26250.0, 26250.0, 'Vencida', '2026-05-27', '2026-06-11', NULL),
('FAC-2026-0005', 1, NULL, 10, NULL, 'Membresia', 25000, 0, 25000, 0, 'Pagada', '2026-06-05', '2026-06-20', NULL),
('FAC-2026-0006', 1, NULL, 11, NULL, 'Membresia', 25000, 0, 25000, 25000, 'Pendiente', '2026-06-14', '2026-06-29', NULL),
('FAC-2026-0007', 1, NULL, 12, NULL, 'Membresia', 25000, 0, 25000, 0, 'Pagada', '2026-06-23', '2026-07-08', NULL),
('FAC-2026-0008', 1, NULL, 13, NULL, 'Membresia', 25000, 1250.0, 26250.0, 26250.0, 'Vencida', '2026-07-02', '2026-07-17', NULL),
('FAC-2026-0009', 1, NULL, 14, NULL, 'Membresia', 25000, 0, 25000, 0, 'Pagada', '2026-07-11', '2026-07-26', NULL),
('FAC-2026-0010', 1, NULL, 15, NULL, 'Membresia', 25000, 0, 25000, 0, 'Pagada', '2026-07-23', '2026-08-07', NULL),
('FAC-2026-0011', 2, NULL, 16, NULL, 'Membresia', 25000, 1250.0, 26250.0, 26250.0, 'Vencida', '2026-04-03', '2026-04-18', NULL),
('FAC-2026-0012', 2, NULL, 17, NULL, 'Membresia', 25000, 0, 25000, 25000, 'Pendiente', '2026-04-12', '2026-04-27', NULL),
('FAC-2026-0013', 2, NULL, 19, NULL, 'Membresia', 25000, 0, 25000, 12500.0, 'Parcial', '2026-04-30', '2026-05-15', NULL),
('FAC-2026-0014', 2, NULL, 20, NULL, 'Membresia', 25000, 0, 25000, 0, 'Pagada', '2026-05-09', '2026-05-24', NULL),
('FAC-2026-0015', 2, NULL, 22, NULL, 'Membresia', 25000, 0, 25000, 25000, 'Pendiente', '2026-05-27', '2026-06-11', NULL),
('FAC-2026-0016', 2, NULL, 24, NULL, 'Membresia', 25000, 1250.0, 26250.0, 26250.0, 'Vencida', '2026-06-14', '2026-06-29', NULL),
('FAC-2026-0017', 2, NULL, 25, NULL, 'Membresia', 25000, 0, 25000, 0, 'Pagada', '2026-06-23', '2026-07-08', NULL),
('FAC-2026-0018', 2, NULL, 27, NULL, 'Membresia', 25000, 0, 25000, 0, 'Pagada', '2026-07-11', '2026-07-26', NULL),
('FAC-2026-0019', 2, NULL, 28, NULL, 'Membresia', 25000, 0, 25000, 0, 'Pagada', '2026-07-23', '2026-08-07', NULL),
('FAC-2026-0020', 3, NULL, 32, NULL, 'Membresia', 480000, 0, 480000, 0, 'Pagada', '2026-07-13', '2026-07-28', NULL),
('FAC-2026-0021', 4, NULL, 34, NULL, 'Membresia', 280000, 0, 280000, 0, 'Pagada', '2025-09-26', '2025-10-11', NULL),
('FAC-2026-0022', 4, NULL, 35, NULL, 'Membresia', 480000, 0, 480000, 480000, 'Pendiente', '2026-01-04', '2026-01-19', NULL),
('FAC-2026-0023', 5, NULL, 38, NULL, 'Membresia', 320000, 0, 320000, 0, 'Anulada', '2025-09-26', '2025-10-11', 'Servicio no prestado'),
('FAC-2026-0024', 5, NULL, 40, NULL, 'Membresia', 480000, 0, 480000, 0, 'Pagada', '2026-04-14', '2026-04-29', NULL),
('FAC-2026-0025', 5, NULL, 41, NULL, 'Membresia', 480000, 0, 480000, 0, 'Pagada', '2026-07-13', '2026-07-28', NULL),
('FAC-2026-0026', 6, NULL, 42, NULL, 'Membresia', 280000, 0, 280000, 140000.0, 'Parcial', '2026-04-17', '2026-05-02', NULL),
('FAC-2026-0027', 6, NULL, 43, NULL, 'Membresia', 280000, 0, 280000, 0, 'Pagada', '2026-05-20', '2026-06-04', NULL),
('FAC-2026-0028', 7, NULL, 46, NULL, 'Membresia', 280000, 14000.0, 294000.0, 294000.0, 'Vencida', '2026-04-21', '2026-05-06', NULL),
('FAC-2026-0029', 8, NULL, 51, NULL, 'Membresia', 280000, 14000.0, 294000.0, 294000.0, 'Vencida', '2026-05-22', '2026-06-06', NULL),
('FAC-2026-0030', 8, NULL, 52, NULL, 'Membresia', 280000, 0, 280000, 280000, 'Pendiente', '2026-06-18', '2026-07-03', NULL),
('FAC-2026-0031', 8, NULL, 53, NULL, 'Membresia', 280000, 14000.0, 294000.0, 294000.0, 'Vencida', '2026-07-05', '2026-07-20', NULL),
('FAC-2026-0032', 9, NULL, 55, NULL, 'Membresia', 280000, 0, 280000, 0, 'Pagada', '2026-07-18', '2026-08-02', NULL),
('FAC-2026-0033', 10, NULL, 58, NULL, 'Membresia', 280000, 0, 280000, 0, 'Pagada', '2026-06-22', '2026-07-07', NULL),
('FAC-2026-0034', 11, NULL, 60, NULL, 'Membresia', 280000, 14000.0, 294000.0, 294000.0, 'Vencida', '2026-04-18', '2026-05-03', NULL),
('FAC-2026-0035', 12, NULL, 64, NULL, 'Membresia', 280000, 0, 280000, 0, 'Pagada', '2026-04-21', '2026-05-06', NULL),
('FAC-2026-0036', 12, NULL, 66, NULL, 'Membresia', 280000, 0, 280000, 0, 'Pagada', '2026-06-18', '2026-07-03', NULL),
('FAC-2026-0037', 13, NULL, 69, NULL, 'Membresia', 280000, 0, 280000, 0, 'Pagada', '2026-05-18', '2026-06-02', NULL),
('FAC-2026-0038', 13, NULL, 70, NULL, 'Membresia', 280000, 14000.0, 294000.0, 294000.0, 'Vencida', '2026-06-18', '2026-07-03', NULL),
('FAC-2026-0039', 13, NULL, 71, NULL, 'Membresia', 280000, 0, 280000, 140000.0, 'Parcial', '2026-05-24', '2026-06-08', NULL),
('FAC-2026-0040', 15, NULL, 77, NULL, 'Membresia', 280000, 0, 280000, 0, 'Pagada', '2026-07-11', '2026-07-26', NULL),
('FAC-2026-0041', 16, NULL, 78, NULL, 'Membresia', 280000, 0, 280000, 0, 'Pagada', '2026-04-18', '2026-05-03', NULL),
('FAC-2026-0042', 16, NULL, 80, NULL, 'Membresia', 280000, 0, 280000, 0, 'Pagada', '2026-06-20', '2026-07-05', NULL),
('FAC-2026-0043', 16, NULL, 81, NULL, 'Membresia', 280000, 0, 280000, 0, 'Pagada', '2026-05-04', '2026-05-19', NULL),
('FAC-2026-0044', 17, NULL, 82, NULL, 'Membresia', 280000, 0, 280000, 0, 'Pagada', '2026-03-21', '2026-04-05', NULL),
('FAC-2026-0045', 17, NULL, 84, NULL, 'Membresia', 280000, 0, 280000, 280000, 'Pendiente', '2026-05-20', '2026-06-04', NULL),
('FAC-2026-0046', 17, NULL, 85, NULL, 'Membresia', 280000, 0, 280000, 0, 'Anulada', '2026-06-20', '2026-07-05', 'Error en el valor facturado'),
('FAC-2026-0047', 17, NULL, 86, NULL, 'Membresia', 280000, 0, 280000, 0, 'Pagada', '2026-07-03', '2026-07-18', NULL),
('FAC-2026-0048', 18, NULL, 88, NULL, 'Membresia', 280000, 0, 280000, 0, 'Pagada', '2026-07-13', '2026-07-28', NULL),
('FAC-2026-0049', 19, NULL, 89, NULL, 'Membresia', 280000, 14000.0, 294000.0, 294000.0, 'Vencida', '2026-06-18', '2026-07-03', NULL),
('FAC-2026-0050', 19, NULL, 90, NULL, 'Membresia', 280000, 0, 280000, 0, 'Pagada', '2026-06-26', '2026-07-11', NULL),
('FAC-2026-0051', 22, NULL, 96, NULL, 'Membresia', 280000, 14000.0, 294000.0, 294000.0, 'Vencida', '2026-05-19', '2026-06-03', NULL),
('FAC-2026-0052', 22, NULL, 97, NULL, 'Membresia', 280000, 0, 280000, 168000.0, 'Parcial', '2026-06-18', '2026-07-03', NULL),
('FAC-2026-0053', 23, NULL, 99, NULL, 'Membresia', 280000, 0, 280000, 0, 'Pagada', '2026-03-18', '2026-04-02', NULL),
('FAC-2026-0054', 23, NULL, 102, NULL, 'Membresia', 280000, 0, 280000, 0, 'Pagada', '2026-06-19', '2026-07-04', NULL),
('FAC-2026-0055', 23, NULL, 103, NULL, 'Membresia', 280000, 0, 280000, 0, 'Pagada', '2026-06-29', '2026-07-14', NULL),
('FAC-2026-0056', 24, NULL, 104, NULL, 'Membresia', 280000, 0, 280000, 280000, 'Pendiente', '2026-05-21', '2026-06-05', NULL),
('FAC-2026-0057', 24, NULL, 105, NULL, 'Membresia', 280000, 0, 280000, 0, 'Pagada', '2026-06-18', '2026-07-03', NULL),
('FAC-2026-0058', 24, NULL, 106, NULL, 'Membresia', 280000, 0, 280000, 0, 'Pagada', '2026-05-04', '2026-05-19', NULL),
('FAC-2026-0059', 25, NULL, 107, NULL, 'Membresia', 280000, 0, 280000, 0, 'Pagada', '2026-03-19', '2026-04-03', NULL),
('FAC-2026-0060', 25, NULL, 109, NULL, 'Membresia', 280000, 0, 280000, 0, 'Pagada', '2026-05-21', '2026-06-05', NULL),
('FAC-2026-0061', 25, NULL, 111, NULL, 'Membresia', 280000, 14000.0, 294000.0, 294000.0, 'Vencida', '2026-05-15', '2026-05-30', NULL),
('FAC-2026-0062', 26, NULL, 112, NULL, 'Membresia', 280000, 0, 280000, 0, 'Pagada', '2026-03-18', '2026-04-02', NULL),
('FAC-2026-0063', 26, NULL, 113, NULL, 'Membresia', 280000, 0, 280000, 0, 'Pagada', '2026-04-19', '2026-05-04', NULL),
('FAC-2026-0064', 27, NULL, 118, NULL, 'Membresia', 280000, 14000.0, 294000.0, 294000.0, 'Vencida', '2026-06-30', '2026-07-15', NULL),
('FAC-2026-0065', 28, NULL, 119, NULL, 'Membresia', 280000, 0, 280000, 196000.0, 'Parcial', '2026-04-19', '2026-05-04', NULL),
('FAC-2026-0066', 28, NULL, 121, NULL, 'Membresia', 280000, 14000.0, 294000.0, 294000.0, 'Vencida', '2026-06-20', '2026-07-05', NULL),
('FAC-2026-0067', 28, NULL, 122, NULL, 'Membresia', 280000, 14000.0, 294000.0, 294000.0, 'Vencida', '2026-04-26', '2026-05-11', NULL),
('FAC-2026-0068', 29, NULL, 124, NULL, 'Membresia', 280000, 0, 280000, 280000, 'Pendiente', '2026-07-03', '2026-07-18', NULL),
('FAC-2026-0069', 30, NULL, 125, NULL, 'Membresia', 280000, 0, 280000, 0, 'Anulada', '2026-05-18', '2026-06-02', 'Servicio no prestado'),
('FAC-2026-0070', 30, NULL, 126, NULL, 'Membresia', 280000, 0, 280000, 0, 'Pagada', '2026-06-21', '2026-07-06', NULL),
('FAC-2026-0071', 30, NULL, 127, NULL, 'Membresia', 280000, 0, 280000, 280000, 'Pendiente', '2026-06-25', '2026-07-10', NULL),
('FAC-2026-0072', 32, NULL, 132, NULL, 'Membresia', 320000, 16000.0, 336000.0, 336000.0, 'Vencida', '2026-04-18', '2026-05-03', NULL),
('FAC-2026-0073', 32, NULL, 133, NULL, 'Membresia', 320000, 0, 320000, 0, 'Pagada', '2026-05-19', '2026-06-03', NULL),
('FAC-2026-0074', 33, NULL, 136, NULL, 'Membresia', 320000, 0, 320000, 0, 'Pagada', '2026-05-21', '2026-06-05', NULL),
('FAC-2026-0075', 33, NULL, 137, NULL, 'Membresia', 320000, 0, 320000, 320000, 'Pendiente', '2026-06-19', '2026-07-04', NULL),
('FAC-2026-0076', 34, NULL, 140, NULL, 'Membresia', 320000, 0, 320000, 0, 'Pagada', '2026-04-20', '2026-05-05', NULL),
('FAC-2026-0077', 34, NULL, 142, NULL, 'Membresia', 320000, 16000.0, 336000.0, 336000.0, 'Vencida', '2026-06-20', '2026-07-05', NULL),
('FAC-2026-0078', 35, NULL, 146, NULL, 'Membresia', 320000, 0, 320000, 224000.0, 'Parcial', '2026-06-26', '2026-07-11', NULL),
('FAC-2026-0079', 36, NULL, 148, NULL, 'Membresia', 320000, 0, 320000, 0, 'Pagada', '2026-07-11', '2026-07-26', NULL),
('FAC-2026-0080', 37, NULL, 149, NULL, 'Membresia', 320000, 16000.0, 336000.0, 336000.0, 'Vencida', '2026-06-22', '2026-07-07', NULL),
('FAC-2026-0081', 39, NULL, 156, NULL, 'Membresia', 320000, 0, 320000, 0, 'Pagada', '2026-05-18', '2026-06-02', NULL),
('FAC-2026-0082', 39, NULL, 157, NULL, 'Membresia', 320000, 0, 320000, 320000, 'Pendiente', '2026-06-20', '2026-07-05', NULL),
('FAC-2026-0083', 39, NULL, 158, NULL, 'Membresia', 320000, 0, 320000, 320000, 'Pendiente', '2026-07-11', '2026-07-26', NULL),
('FAC-2026-0084', 40, NULL, 160, NULL, 'Membresia', 320000, 0, 320000, 0, 'Pagada', '2026-07-10', '2026-07-25', NULL),
('FAC-2026-0085', 41, NULL, 161, NULL, 'Membresia', 320000, 0, 320000, 0, 'Pagada', '2026-05-18', '2026-06-02', NULL),
('FAC-2026-0086', 41, NULL, 163, NULL, 'Membresia', 320000, 0, 320000, 0, 'Pagada', '2026-06-29', '2026-07-14', NULL),
('FAC-2026-0087', 42, NULL, 166, NULL, 'Membresia', 320000, 0, 320000, 320000, 'Pendiente', '2026-06-25', '2026-07-10', NULL),
('FAC-2026-0088', 43, NULL, 167, NULL, 'Membresia', 25000, 1250.0, 26250.0, 26250.0, 'Vencida', '2026-04-21', '2026-05-06', NULL),
('FAC-2026-0089', 44, NULL, 171, NULL, 'Membresia', 320000, 0, 320000, 0, 'Pagada', '2026-05-22', '2026-06-06', NULL),
('FAC-2026-0090', 44, NULL, 172, NULL, 'Membresia', 320000, 16000.0, 336000.0, 336000.0, 'Vencida', '2026-06-20', '2026-07-05', NULL),
('FAC-2026-0091', 44, NULL, 173, NULL, 'Membresia', 320000, 0, 320000, 192000.0, 'Parcial', '2026-07-03', '2026-07-18', NULL),
('FAC-2026-0092', 45, NULL, 174, NULL, 'Membresia', 25000, 0, 25000, 0, 'Anulada', '2026-03-19', '2026-04-03', 'Servicio no prestado'),
('FAC-2026-0093', 45, NULL, 176, NULL, 'Membresia', 25000, 0, 25000, 0, 'Pagada', '2026-05-20', '2026-06-04', NULL),
('FAC-2026-0094', 47, NULL, 181, NULL, 'Membresia', 25000, 0, 25000, 0, 'Pagada', '2026-07-23', '2026-08-07', NULL),
('FAC-2026-0095', 26, NULL, NULL, 2, 'Reserva', 70000, 0, 70000, 0, 'Pagada', '2026-03-10', '2026-03-25', NULL),
('FAC-2026-0096', 37, NULL, NULL, 4, 'Reserva', 16000, 0, 16000, 0, 'Pagada', '2026-05-14', '2026-05-29', NULL),
('FAC-2026-0097', 18, NULL, NULL, 5, 'Reserva', 135000, 0, 135000, 0, 'Pagada', '2026-04-01', '2026-04-16', NULL),
('FAC-2026-0098', 22, NULL, NULL, 6, 'Reserva', 16000, 800.0, 16800.0, 16800.0, 'Vencida', '2026-06-16', '2026-07-01', NULL),
('FAC-2026-0099', 30, NULL, NULL, 7, 'Reserva', 135000, 0, 135000, 0, 'Pagada', '2026-05-06', '2026-05-21', NULL),
('FAC-2026-0100', 44, NULL, NULL, 8, 'Reserva', 180000, 0, 180000, 0, 'Pagada', '2026-04-20', '2026-05-05', NULL),
('FAC-2026-0101', 34, NULL, NULL, 9, 'Reserva', 32000, 0, 32000, 0, 'Pagada', '2026-05-12', '2026-05-27', NULL),
('FAC-2026-0102', 33, NULL, NULL, 13, 'Reserva', 35000, 0, 35000, 0, 'Pagada', '2026-07-02', '2026-07-17', NULL),
('FAC-2026-0103', 1, NULL, NULL, 14, 'Reserva', 8000, 0, 8000, 0, 'Pagada', '2026-03-04', '2026-03-19', NULL),
('FAC-2026-0104', 12, NULL, NULL, 17, 'Reserva', 16000, 0, 16000, 8000.0, 'Parcial', '2026-05-24', '2026-06-08', NULL),
('FAC-2026-0105', 3, NULL, NULL, 19, 'Reserva', 180000, 0, 180000, 0, 'Pagada', '2026-02-27', '2026-03-14', NULL),
('FAC-2026-0106', 17, NULL, NULL, 20, 'Reserva', 90000, 0, 90000, 0, 'Pagada', '2026-03-15', '2026-03-30', NULL),
('FAC-2026-0107', 44, NULL, NULL, 22, 'Reserva', 35000, 1750.0, 36750.0, 36750.0, 'Vencida', '2026-05-27', '2026-06-11', NULL),
('FAC-2026-0108', 14, NULL, NULL, 26, 'Reserva', 35000, 0, 35000, 0, 'Pagada', '2026-08-10', '2026-08-25', NULL),
('FAC-2026-0109', 33, NULL, NULL, 33, 'Reserva', 8000, 0, 8000, 0, 'Pagada', '2026-05-24', '2026-06-08', NULL),
('FAC-2026-0110', 14, NULL, NULL, 36, 'Reserva', 70000, 0, 70000, 0, 'Pagada', '2026-03-05', '2026-03-20', NULL),
('FAC-2026-0111', 14, NULL, NULL, 38, 'Reserva', 16000, 800.0, 16800.0, 16800.0, 'Vencida', '2026-02-22', '2026-03-09', NULL),
('FAC-2026-0112', 12, NULL, NULL, 39, 'Reserva', 8000, 0, 8000, 0, 'Pagada', '2026-07-07', '2026-07-22', NULL),
('FAC-2026-0113', 36, NULL, NULL, 40, 'Reserva', 16000, 0, 16000, 0, 'Pagada', '2026-07-08', '2026-07-23', NULL),
('FAC-2026-0114', 1, NULL, NULL, 41, 'Reserva', 180000, 0, 180000, 180000, 'Pendiente', '2026-06-06', '2026-06-21', NULL),
('FAC-2026-0115', 21, NULL, NULL, 44, 'Reserva', 70000, 0, 70000, 0, 'Anulada', '2026-07-17', '2026-08-01', 'Servicio no prestado'),
('FAC-2026-0116', 34, NULL, NULL, 46, 'Reserva', 90000, 4500.0, 94500.0, 94500.0, 'Vencida', '2026-06-17', '2026-07-02', NULL),
('FAC-2026-0117', 40, NULL, NULL, 47, 'Reserva', 90000, 0, 90000, 36000.0, 'Parcial', '2026-06-11', '2026-06-26', NULL),
('FAC-2026-0118', 17, NULL, NULL, 49, 'Reserva', 24000, 0, 24000, 24000, 'Pendiente', '2026-02-04', '2026-02-19', NULL),
('FAC-2026-0119', 26, NULL, NULL, 51, 'Reserva', 16000, 0, 16000, 0, 'Pagada', '2026-06-04', '2026-06-19', NULL),
('FAC-2026-0120', 25, NULL, NULL, 53, 'Reserva', 180000, 0, 180000, 0, 'Pagada', '2026-06-08', '2026-06-23', NULL),
('FAC-2026-0121', 3, NULL, NULL, 54, 'Reserva', 90000, 0, 90000, 0, 'Pagada', '2026-08-12', '2026-08-27', NULL),
('FAC-2026-0122', 18, NULL, NULL, 55, 'Reserva', 45000, 0, 45000, 0, 'Pagada', '2026-07-31', '2026-08-15', NULL),
('FAC-2026-0123', 26, NULL, NULL, 57, 'Reserva', 16000, 0, 16000, 16000, 'Pendiente', '2026-02-20', '2026-03-07', NULL),
('FAC-2026-0124', 36, NULL, NULL, 60, 'Reserva', 24000, 0, 24000, 24000, 'Pendiente', '2026-04-25', '2026-05-10', NULL),
('FAC-2026-0125', 42, NULL, NULL, 61, 'Reserva', 90000, 0, 90000, 0, 'Pagada', '2026-02-05', '2026-02-20', NULL),
('FAC-2026-0126', 18, NULL, NULL, 62, 'Reserva', 24000, 0, 24000, 24000, 'Pendiente', '2026-01-25', '2026-02-09', NULL),
('FAC-2026-0127', 17, NULL, NULL, 63, 'Reserva', 8000, 0, 8000, 0, 'Pagada', '2026-07-22', '2026-08-06', NULL),
('FAC-2026-0128', 4, NULL, NULL, 64, 'Reserva', 70000, 3500.0, 73500.0, 73500.0, 'Vencida', '2026-03-23', '2026-04-07', NULL),
('FAC-2026-0129', 44, NULL, NULL, 66, 'Reserva', 8000, 0, 8000, 0, 'Pagada', '2026-03-08', '2026-03-23', NULL),
('FAC-2026-0130', 8, NULL, NULL, 72, 'Reserva', 135000, 0, 135000, 81000.0, 'Parcial', '2026-03-27', '2026-04-11', NULL),
('FAC-2026-0131', 44, NULL, NULL, 73, 'Reserva', 8000, 0, 8000, 0, 'Pagada', '2026-04-12', '2026-04-27', NULL),
('FAC-2026-0132', 12, NULL, NULL, 74, 'Reserva', 45000, 0, 45000, 0, 'Pagada', '2026-06-24', '2026-07-09', NULL),
('FAC-2026-0133', 39, NULL, NULL, 77, 'Reserva', 140000, 7000.0, 147000.0, 147000.0, 'Vencida', '2026-03-03', '2026-03-18', NULL),
('FAC-2026-0134', 18, NULL, NULL, 79, 'Reserva', 180000, 0, 180000, 0, 'Pagada', '2026-08-08', '2026-08-23', NULL),
('FAC-2026-0135', 40, NULL, NULL, 81, 'Reserva', 32000, 1600.0, 33600.0, 33600.0, 'Vencida', '2026-03-17', '2026-04-01', NULL),
('FAC-2026-0136', 39, NULL, NULL, 83, 'Reserva', 70000, 0, 70000, 0, 'Pagada', '2026-07-08', '2026-07-23', NULL),
('FAC-2026-0137', 36, NULL, NULL, 84, 'Reserva', 70000, 0, 70000, 0, 'Pagada', '2026-06-11', '2026-06-26', NULL),
('FAC-2026-0138', 29, NULL, NULL, 85, 'Reserva', 16000, 0, 16000, 0, 'Anulada', '2026-03-09', '2026-03-24', 'Error en el valor facturado'),
('FAC-2026-0139', 25, NULL, NULL, 87, 'Reserva', 270000, 0, 270000, 0, 'Pagada', '2026-07-17', '2026-08-01', NULL),
('FAC-2026-0140', 34, NULL, NULL, 90, 'Reserva', 24000, 0, 24000, 0, 'Pagada', '2026-01-27', '2026-02-11', NULL),
('FAC-2026-0141', 40, NULL, NULL, 91, 'Reserva', 105000, 0, 105000, 0, 'Pagada', '2026-03-27', '2026-04-11', NULL),
('FAC-2026-0142', 26, NULL, NULL, 93, 'Reserva', 270000, 0, 270000, 0, 'Pagada', '2026-03-05', '2026-03-20', NULL),
('FAC-2026-0143', 30, NULL, NULL, 95, 'Reserva', 140000, 0, 140000, 84000.0, 'Parcial', '2026-07-05', '2026-07-20', NULL),
('FAC-2026-0144', 16, NULL, NULL, 96, 'Reserva', 35000, 0, 35000, 0, 'Pagada', '2026-04-13', '2026-04-28', NULL),
('FAC-2026-0145', 43, NULL, NULL, 97, 'Reserva', 8000, 0, 8000, 8000, 'Pendiente', '2026-05-21', '2026-06-05', NULL),
('FAC-2026-0146', 36, NULL, NULL, 98, 'Reserva', 90000, 0, 90000, 0, 'Pagada', '2026-04-21', '2026-05-06', NULL),
('FAC-2026-0147', 23, NULL, NULL, 99, 'Reserva', 16000, 0, 16000, 0, 'Pagada', '2026-03-03', '2026-03-18', NULL),
('FAC-2026-0148', 29, NULL, NULL, 101, 'Reserva', 180000, 0, 180000, 0, 'Pagada', '2026-02-08', '2026-02-23', NULL),
('FAC-2026-0149', 21, NULL, NULL, 106, 'Reserva', 90000, 0, 90000, 90000, 'Pendiente', '2026-06-30', '2026-07-15', NULL),
('FAC-2026-0150', 34, NULL, NULL, 107, 'Reserva', 16000, 0, 16000, 0, 'Pagada', '2026-06-08', '2026-06-23', NULL),
('FAC-2026-0151', 40, NULL, NULL, 108, 'Reserva', 70000, 0, 70000, 70000, 'Pendiente', '2026-06-07', '2026-06-22', NULL),
('FAC-2026-0152', 14, NULL, NULL, 109, 'Reserva', 135000, 0, 135000, 0, 'Pagada', '2026-03-06', '2026-03-21', NULL),
('FAC-2026-0153', 20, NULL, NULL, 110, 'Reserva', 8000, 0, 8000, 0, 'Pagada', '2026-06-28', '2026-07-13', NULL),
('FAC-2026-0154', 24, NULL, NULL, 113, 'Reserva', 135000, 0, 135000, 0, 'Pagada', '2026-08-05', '2026-08-20', NULL),
('FAC-2026-0155', 23, NULL, NULL, 114, 'Reserva', 16000, 0, 16000, 0, 'Pagada', '2026-08-06', '2026-08-21', NULL),
('FAC-2026-0156', 20, NULL, NULL, 117, 'Reserva', 35000, 0, 35000, 17500.0, 'Parcial', '2026-01-24', '2026-02-08', NULL),
('FAC-2026-0157', 44, NULL, NULL, 119, 'Reserva', 8000, 0, 8000, 0, 'Pagada', '2026-04-08', '2026-04-23', NULL),
('FAC-2026-0158', 9, NULL, NULL, 121, 'Reserva', 90000, 4500.0, 94500.0, 94500.0, 'Vencida', '2026-06-16', '2026-07-01', NULL),
('FAC-2026-0159', 30, NULL, NULL, 124, 'Reserva', 180000, 9000.0, 189000.0, 189000.0, 'Vencida', '2026-05-26', '2026-06-10', NULL),
('FAC-2026-0160', 7, NULL, NULL, 127, 'Reserva', 8000, 0, 8000, 0, 'Pagada', '2026-05-23', '2026-06-07', NULL),
('FAC-2026-0161', 36, NULL, NULL, 129, 'Reserva', 16000, 0, 16000, 0, 'Anulada', '2026-03-14', '2026-03-29', 'Solicitud de anulacion del cliente'),
('FAC-2026-0162', 35, NULL, NULL, 130, 'Reserva', 32000, 0, 32000, 0, 'Pagada', '2026-06-12', '2026-06-27', NULL),
('FAC-2026-0163', 17, NULL, NULL, 132, 'Reserva', 24000, 1200.0, 25200.0, 25200.0, 'Vencida', '2026-05-03', '2026-05-18', NULL),
('FAC-2026-0164', 9, NULL, NULL, 134, 'Reserva', 105000, 0, 105000, 0, 'Pagada', '2026-06-09', '2026-06-24', NULL),
('FAC-2026-0165', 42, NULL, NULL, 139, 'Reserva', 8000, 0, 8000, 8000, 'Pendiente', '2026-06-11', '2026-06-26', NULL),
('FAC-2026-0166', 2, NULL, NULL, 140, 'Reserva', 70000, 0, 70000, 70000, 'Pendiente', '2026-02-17', '2026-03-04', NULL),
('FAC-2026-0167', 35, NULL, NULL, 141, 'Reserva', 32000, 0, 32000, 0, 'Pagada', '2026-02-03', '2026-02-18', NULL),
('FAC-2026-0168', 45, NULL, NULL, 142, 'Reserva', 90000, 0, 90000, 0, 'Pagada', '2026-02-08', '2026-02-23', NULL),
('FAC-2026-0169', 17, NULL, NULL, 143, 'Reserva', 35000, 0, 35000, 24500.0, 'Parcial', '2026-05-07', '2026-05-22', NULL),
('FAC-2026-0170', 28, NULL, NULL, 146, 'Reserva', 16000, 0, 16000, 0, 'Pagada', '2026-07-08', '2026-07-23', NULL),
('FAC-2026-0171', 20, NULL, NULL, 149, 'Reserva', 16000, 800.0, 16800.0, 16800.0, 'Vencida', '2026-04-12', '2026-04-27', NULL),
('FAC-2026-0172', 36, NULL, NULL, 150, 'Reserva', 90000, 0, 90000, 0, 'Pagada', '2026-03-16', '2026-03-31', NULL),
('FAC-2026-0173', 1, 1, NULL, NULL, 'Consolidada', 840000, 0, 840000, 0, 'Pagada', '2026-07-03', '2026-07-18', NULL);

INSERT INTO detalle_factura (id_factura, concepto, tipo_concepto, id_referencia, cantidad, precio_unitario, subtotal) VALUES
(1, 'Membresia Diaria', 'Membresia', 5, 1, 25000, 25000),
(2, 'Membresia Diaria', 'Membresia', 6, 1, 25000, 25000),
(3, 'Membresia Diaria', 'Membresia', 8, 1, 25000, 25000),
(4, 'Membresia Diaria', 'Membresia', 9, 1, 25000, 25000),
(5, 'Membresia Diaria', 'Membresia', 10, 1, 25000, 25000),
(6, 'Membresia Diaria', 'Membresia', 11, 1, 25000, 25000),
(7, 'Membresia Diaria', 'Membresia', 12, 1, 25000, 25000),
(8, 'Membresia Diaria', 'Membresia', 13, 1, 25000, 25000),
(9, 'Membresia Diaria', 'Membresia', 14, 1, 25000, 25000),
(10, 'Membresia Diaria', 'Membresia', 15, 1, 25000, 25000),
(11, 'Membresia Diaria', 'Membresia', 16, 1, 25000, 25000),
(12, 'Membresia Diaria', 'Membresia', 17, 1, 25000, 25000),
(13, 'Membresia Diaria', 'Membresia', 19, 1, 25000, 25000),
(14, 'Membresia Diaria', 'Membresia', 20, 1, 25000, 25000),
(15, 'Membresia Diaria', 'Membresia', 22, 1, 25000, 25000),
(16, 'Membresia Diaria', 'Membresia', 24, 1, 25000, 25000),
(17, 'Membresia Diaria', 'Membresia', 25, 1, 25000, 25000),
(18, 'Membresia Diaria', 'Membresia', 27, 1, 25000, 25000),
(19, 'Membresia Diaria', 'Membresia', 28, 1, 25000, 25000),
(20, 'Membresia Premium', 'Membresia', 32, 1, 480000, 480000),
(21, 'Membresia Corporativa', 'Membresia', 34, 1, 280000, 280000),
(22, 'Membresia Premium', 'Membresia', 35, 1, 480000, 480000),
(23, 'Membresia Mensual', 'Membresia', 38, 1, 320000, 320000),
(24, 'Membresia Premium', 'Membresia', 40, 1, 480000, 480000),
(25, 'Membresia Premium', 'Membresia', 41, 1, 480000, 480000),
(26, 'Membresia Corporativa', 'Membresia', 42, 1, 280000, 280000),
(27, 'Membresia Corporativa', 'Membresia', 43, 1, 280000, 280000),
(28, 'Membresia Corporativa', 'Membresia', 46, 1, 280000, 280000),
(29, 'Membresia Corporativa', 'Membresia', 51, 1, 280000, 280000),
(30, 'Membresia Corporativa', 'Membresia', 52, 1, 280000, 280000),
(31, 'Membresia Corporativa', 'Membresia', 53, 1, 280000, 280000),
(32, 'Membresia Corporativa', 'Membresia', 55, 1, 280000, 280000),
(33, 'Membresia Corporativa', 'Membresia', 58, 1, 280000, 280000),
(34, 'Membresia Corporativa', 'Membresia', 60, 1, 280000, 280000),
(35, 'Membresia Corporativa', 'Membresia', 64, 1, 280000, 280000),
(36, 'Membresia Corporativa', 'Membresia', 66, 1, 280000, 280000),
(37, 'Membresia Corporativa', 'Membresia', 69, 1, 280000, 280000),
(38, 'Membresia Corporativa', 'Membresia', 70, 1, 280000, 280000),
(39, 'Membresia Corporativa', 'Membresia', 71, 1, 280000, 280000),
(40, 'Membresia Corporativa', 'Membresia', 77, 1, 280000, 280000),
(41, 'Membresia Corporativa', 'Membresia', 78, 1, 280000, 280000),
(42, 'Membresia Corporativa', 'Membresia', 80, 1, 280000, 280000),
(43, 'Membresia Corporativa', 'Membresia', 81, 1, 280000, 280000),
(44, 'Membresia Corporativa', 'Membresia', 82, 1, 280000, 280000),
(45, 'Membresia Corporativa', 'Membresia', 84, 1, 280000, 280000),
(46, 'Membresia Corporativa', 'Membresia', 85, 1, 280000, 280000),
(47, 'Membresia Corporativa', 'Membresia', 86, 1, 280000, 280000),
(48, 'Membresia Corporativa', 'Membresia', 88, 1, 280000, 280000),
(49, 'Membresia Corporativa', 'Membresia', 89, 1, 280000, 280000),
(50, 'Membresia Corporativa', 'Membresia', 90, 1, 280000, 280000),
(51, 'Membresia Corporativa', 'Membresia', 96, 1, 280000, 280000),
(52, 'Membresia Corporativa', 'Membresia', 97, 1, 280000, 280000),
(53, 'Membresia Corporativa', 'Membresia', 99, 1, 280000, 280000),
(54, 'Membresia Corporativa', 'Membresia', 102, 1, 280000, 280000),
(55, 'Membresia Corporativa', 'Membresia', 103, 1, 280000, 280000),
(56, 'Membresia Corporativa', 'Membresia', 104, 1, 280000, 280000),
(57, 'Membresia Corporativa', 'Membresia', 105, 1, 280000, 280000),
(58, 'Membresia Corporativa', 'Membresia', 106, 1, 280000, 280000),
(59, 'Membresia Corporativa', 'Membresia', 107, 1, 280000, 280000),
(60, 'Membresia Corporativa', 'Membresia', 109, 1, 280000, 280000),
(61, 'Membresia Corporativa', 'Membresia', 111, 1, 280000, 280000),
(62, 'Membresia Corporativa', 'Membresia', 112, 1, 280000, 280000),
(63, 'Membresia Corporativa', 'Membresia', 113, 1, 280000, 280000),
(64, 'Membresia Corporativa', 'Membresia', 118, 1, 280000, 280000),
(65, 'Membresia Corporativa', 'Membresia', 119, 1, 280000, 280000),
(66, 'Membresia Corporativa', 'Membresia', 121, 1, 280000, 280000),
(67, 'Membresia Corporativa', 'Membresia', 122, 1, 280000, 280000),
(68, 'Membresia Corporativa', 'Membresia', 124, 1, 280000, 280000),
(69, 'Membresia Corporativa', 'Membresia', 125, 1, 280000, 280000),
(70, 'Membresia Corporativa', 'Membresia', 126, 1, 280000, 280000),
(71, 'Membresia Corporativa', 'Membresia', 127, 1, 280000, 280000),
(72, 'Membresia Mensual', 'Membresia', 132, 1, 320000, 320000),
(73, 'Membresia Mensual', 'Membresia', 133, 1, 320000, 320000),
(74, 'Membresia Mensual', 'Membresia', 136, 1, 320000, 320000),
(75, 'Membresia Mensual', 'Membresia', 137, 1, 320000, 320000),
(76, 'Membresia Mensual', 'Membresia', 140, 1, 320000, 320000),
(77, 'Membresia Mensual', 'Membresia', 142, 1, 320000, 320000),
(78, 'Membresia Mensual', 'Membresia', 146, 1, 320000, 320000),
(79, 'Membresia Mensual', 'Membresia', 148, 1, 320000, 320000),
(80, 'Membresia Mensual', 'Membresia', 149, 1, 320000, 320000),
(81, 'Membresia Mensual', 'Membresia', 156, 1, 320000, 320000),
(82, 'Membresia Mensual', 'Membresia', 157, 1, 320000, 320000),
(83, 'Membresia Mensual', 'Membresia', 158, 1, 320000, 320000),
(84, 'Membresia Mensual', 'Membresia', 160, 1, 320000, 320000),
(85, 'Membresia Mensual', 'Membresia', 161, 1, 320000, 320000),
(86, 'Membresia Mensual', 'Membresia', 163, 1, 320000, 320000),
(87, 'Membresia Mensual', 'Membresia', 166, 1, 320000, 320000),
(88, 'Membresia Diaria', 'Membresia', 167, 1, 25000, 25000),
(89, 'Membresia Mensual', 'Membresia', 171, 1, 320000, 320000),
(90, 'Membresia Mensual', 'Membresia', 172, 1, 320000, 320000),
(91, 'Membresia Mensual', 'Membresia', 173, 1, 320000, 320000),
(92, 'Membresia Diaria', 'Membresia', 174, 1, 25000, 25000),
(93, 'Membresia Diaria', 'Membresia', 176, 1, 25000, 25000),
(94, 'Membresia Diaria', 'Membresia', 181, 1, 25000, 25000),
(95, 'Reserva de espacio', 'Reserva', 2, 1, 70000, 70000),
(96, 'Reserva de espacio', 'Reserva', 4, 1, 16000, 16000),
(97, 'Reserva de espacio', 'Reserva', 5, 1, 135000, 135000),
(98, 'Reserva de espacio', 'Reserva', 6, 1, 16000, 16000),
(99, 'Reserva de espacio', 'Reserva', 7, 1, 135000, 135000),
(100, 'Reserva de espacio', 'Reserva', 8, 1, 180000, 180000),
(101, 'Reserva de espacio', 'Reserva', 9, 1, 32000, 32000),
(102, 'Reserva de espacio', 'Reserva', 13, 1, 35000, 35000),
(103, 'Reserva de espacio', 'Reserva', 14, 1, 8000, 8000),
(104, 'Reserva de espacio', 'Reserva', 17, 1, 16000, 16000),
(105, 'Reserva de espacio', 'Reserva', 19, 1, 180000, 180000),
(106, 'Reserva de espacio', 'Reserva', 20, 1, 90000, 90000),
(107, 'Reserva de espacio', 'Reserva', 22, 1, 35000, 35000),
(108, 'Reserva de espacio', 'Reserva', 26, 1, 35000, 35000),
(109, 'Reserva de espacio', 'Reserva', 33, 1, 8000, 8000),
(110, 'Reserva de espacio', 'Reserva', 36, 1, 70000, 70000),
(111, 'Reserva de espacio', 'Reserva', 38, 1, 16000, 16000),
(112, 'Reserva de espacio', 'Reserva', 39, 1, 8000, 8000),
(113, 'Reserva de espacio', 'Reserva', 40, 1, 16000, 16000),
(114, 'Reserva de espacio', 'Reserva', 41, 1, 180000, 180000),
(115, 'Reserva de espacio', 'Reserva', 44, 1, 70000, 70000),
(116, 'Reserva de espacio', 'Reserva', 46, 1, 90000, 90000),
(117, 'Reserva de espacio', 'Reserva', 47, 1, 90000, 90000),
(118, 'Reserva de espacio', 'Reserva', 49, 1, 24000, 24000),
(119, 'Reserva de espacio', 'Reserva', 51, 1, 16000, 16000),
(120, 'Reserva de espacio', 'Reserva', 53, 1, 180000, 180000),
(121, 'Reserva de espacio', 'Reserva', 54, 1, 90000, 90000),
(122, 'Reserva de espacio', 'Reserva', 55, 1, 45000, 45000),
(123, 'Reserva de espacio', 'Reserva', 57, 1, 16000, 16000),
(124, 'Reserva de espacio', 'Reserva', 60, 1, 24000, 24000),
(125, 'Reserva de espacio', 'Reserva', 61, 1, 90000, 90000),
(126, 'Reserva de espacio', 'Reserva', 62, 1, 24000, 24000),
(127, 'Reserva de espacio', 'Reserva', 63, 1, 8000, 8000),
(128, 'Reserva de espacio', 'Reserva', 64, 1, 70000, 70000),
(129, 'Reserva de espacio', 'Reserva', 66, 1, 8000, 8000),
(130, 'Reserva de espacio', 'Reserva', 72, 1, 135000, 135000),
(131, 'Reserva de espacio', 'Reserva', 73, 1, 8000, 8000),
(132, 'Reserva de espacio', 'Reserva', 74, 1, 45000, 45000),
(133, 'Reserva de espacio', 'Reserva', 77, 1, 140000, 140000),
(134, 'Reserva de espacio', 'Reserva', 79, 1, 180000, 180000),
(135, 'Reserva de espacio', 'Reserva', 81, 1, 32000, 32000),
(136, 'Reserva de espacio', 'Reserva', 83, 1, 70000, 70000),
(137, 'Reserva de espacio', 'Reserva', 84, 1, 70000, 70000),
(138, 'Reserva de espacio', 'Reserva', 85, 1, 16000, 16000),
(139, 'Reserva de espacio', 'Reserva', 87, 1, 270000, 270000),
(140, 'Reserva de espacio', 'Reserva', 90, 1, 24000, 24000),
(141, 'Reserva de espacio', 'Reserva', 91, 1, 105000, 105000),
(142, 'Reserva de espacio', 'Reserva', 93, 1, 270000, 270000),
(143, 'Reserva de espacio', 'Reserva', 95, 1, 140000, 140000),
(144, 'Reserva de espacio', 'Reserva', 96, 1, 35000, 35000),
(145, 'Reserva de espacio', 'Reserva', 97, 1, 8000, 8000),
(146, 'Reserva de espacio', 'Reserva', 98, 1, 90000, 90000),
(147, 'Reserva de espacio', 'Reserva', 99, 1, 16000, 16000),
(148, 'Reserva de espacio', 'Reserva', 101, 1, 180000, 180000),
(149, 'Reserva de espacio', 'Reserva', 106, 1, 90000, 90000),
(150, 'Reserva de espacio', 'Reserva', 107, 1, 16000, 16000),
(151, 'Reserva de espacio', 'Reserva', 108, 1, 70000, 70000),
(152, 'Reserva de espacio', 'Reserva', 109, 1, 135000, 135000),
(153, 'Reserva de espacio', 'Reserva', 110, 1, 8000, 8000),
(154, 'Reserva de espacio', 'Reserva', 113, 1, 135000, 135000),
(155, 'Reserva de espacio', 'Reserva', 114, 1, 16000, 16000),
(156, 'Reserva de espacio', 'Reserva', 117, 1, 35000, 35000),
(157, 'Reserva de espacio', 'Reserva', 119, 1, 8000, 8000),
(158, 'Reserva de espacio', 'Reserva', 121, 1, 90000, 90000),
(159, 'Reserva de espacio', 'Reserva', 124, 1, 180000, 180000),
(160, 'Reserva de espacio', 'Reserva', 127, 1, 8000, 8000),
(161, 'Reserva de espacio', 'Reserva', 129, 1, 16000, 16000),
(162, 'Reserva de espacio', 'Reserva', 130, 1, 32000, 32000),
(163, 'Reserva de espacio', 'Reserva', 132, 1, 24000, 24000),
(164, 'Reserva de espacio', 'Reserva', 134, 1, 105000, 105000),
(165, 'Reserva de espacio', 'Reserva', 139, 1, 8000, 8000),
(166, 'Reserva de espacio', 'Reserva', 140, 1, 70000, 70000),
(167, 'Reserva de espacio', 'Reserva', 141, 1, 32000, 32000),
(168, 'Reserva de espacio', 'Reserva', 142, 1, 90000, 90000),
(169, 'Reserva de espacio', 'Reserva', 143, 1, 35000, 35000),
(170, 'Reserva de espacio', 'Reserva', 146, 1, 16000, 16000),
(171, 'Reserva de espacio', 'Reserva', 149, 1, 16000, 16000),
(172, 'Reserva de espacio', 'Reserva', 150, 1, 90000, 90000),
(173, 'Membresia corporativa empleado 1', 'Membresia', NULL, 1, 280000, 280000),
(173, 'Membresia corporativa empleado 11', 'Membresia', NULL, 1, 280000, 280000),
(173, 'Membresia corporativa empleado 21', 'Membresia', NULL, 1, 280000, 280000),
(4, 'Recargo por mora 5%', 'Recargo', NULL, 1, 1250.0, 1250.0),
(8, 'Recargo por mora 5%', 'Recargo', NULL, 1, 1250.0, 1250.0),
(11, 'Recargo por mora 5%', 'Recargo', NULL, 1, 1250.0, 1250.0),
(16, 'Recargo por mora 5%', 'Recargo', NULL, 1, 1250.0, 1250.0),
(28, 'Recargo por mora 5%', 'Recargo', NULL, 1, 14000.0, 14000.0),
(29, 'Recargo por mora 5%', 'Recargo', NULL, 1, 14000.0, 14000.0),
(31, 'Recargo por mora 5%', 'Recargo', NULL, 1, 14000.0, 14000.0),
(34, 'Recargo por mora 5%', 'Recargo', NULL, 1, 14000.0, 14000.0),
(38, 'Recargo por mora 5%', 'Recargo', NULL, 1, 14000.0, 14000.0),
(49, 'Recargo por mora 5%', 'Recargo', NULL, 1, 14000.0, 14000.0),
(51, 'Recargo por mora 5%', 'Recargo', NULL, 1, 14000.0, 14000.0),
(61, 'Recargo por mora 5%', 'Recargo', NULL, 1, 14000.0, 14000.0),
(64, 'Recargo por mora 5%', 'Recargo', NULL, 1, 14000.0, 14000.0),
(66, 'Recargo por mora 5%', 'Recargo', NULL, 1, 14000.0, 14000.0),
(67, 'Recargo por mora 5%', 'Recargo', NULL, 1, 14000.0, 14000.0),
(72, 'Recargo por mora 5%', 'Recargo', NULL, 1, 16000.0, 16000.0),
(77, 'Recargo por mora 5%', 'Recargo', NULL, 1, 16000.0, 16000.0),
(80, 'Recargo por mora 5%', 'Recargo', NULL, 1, 16000.0, 16000.0),
(88, 'Recargo por mora 5%', 'Recargo', NULL, 1, 1250.0, 1250.0),
(90, 'Recargo por mora 5%', 'Recargo', NULL, 1, 16000.0, 16000.0),
(98, 'Recargo por mora 5%', 'Recargo', NULL, 1, 800.0, 800.0),
(107, 'Recargo por mora 5%', 'Recargo', NULL, 1, 1750.0, 1750.0),
(111, 'Recargo por mora 5%', 'Recargo', NULL, 1, 800.0, 800.0),
(116, 'Recargo por mora 5%', 'Recargo', NULL, 1, 4500.0, 4500.0),
(128, 'Recargo por mora 5%', 'Recargo', NULL, 1, 3500.0, 3500.0),
(133, 'Recargo por mora 5%', 'Recargo', NULL, 1, 7000.0, 7000.0),
(135, 'Recargo por mora 5%', 'Recargo', NULL, 1, 1600.0, 1600.0),
(158, 'Recargo por mora 5%', 'Recargo', NULL, 1, 4500.0, 4500.0),
(159, 'Recargo por mora 5%', 'Recargo', NULL, 1, 9000.0, 9000.0),
(163, 'Recargo por mora 5%', 'Recargo', NULL, 1, 1200.0, 1200.0),
(171, 'Recargo por mora 5%', 'Recargo', NULL, 1, 800.0, 800.0);

INSERT INTO pagos (id_factura, id_metodo_pago, monto, fecha_pago, estado, referencia_transaccion) VALUES
(1, 3, 25000, '2026-04-28 13:30:00', 'Pagado', 'TRX100001'),
(5, 4, 25000, '2026-06-11 11:30:00', 'Pagado', 'TRX100005'),
(7, 2, 25000, '2026-06-28 11:30:00', 'Pagado', 'TRX100007'),
(9, 3, 25000, '2026-07-21 11:30:00', 'Pagado', 'TRX100009'),
(10, 1, 25000, '2026-07-24 15:30:00', 'Pagado', 'TRX100010'),
(13, 2, 12500.0, '2026-05-03 10:15:00', 'Pagado', 'TRX100013'),
(14, 1, 25000, '2026-05-11 16:30:00', 'Pagado', 'TRX100014'),
(17, 2, 25000, '2026-07-01 15:30:00', 'Pagado', 'TRX100017'),
(18, 3, 25000, '2026-07-17 09:30:00', 'Pagado', 'TRX100018'),
(19, 1, 25000, '2026-08-02 17:30:00', 'Pagado', 'TRX100019'),
(20, 1, 480000, '2026-07-23 09:30:00', 'Pagado', 'TRX100020'),
(21, 3, 280000, '2025-10-02 14:30:00', 'Pagado', 'TRX100021'),
(24, 2, 480000, '2026-04-17 13:30:00', 'Pagado', 'TRX100024'),
(25, 2, 480000, '2026-07-13 11:30:00', 'Pagado', 'TRX100025'),
(26, 3, 140000.0, '2026-04-20 10:15:00', 'Pagado', 'TRX100026'),
(27, 1, 280000, '2026-05-28 17:30:00', 'Pagado', 'TRX100027'),
(32, 3, 280000, '2026-07-27 09:30:00', 'Pagado', 'TRX100032'),
(33, 1, 280000, '2026-07-01 11:30:00', 'Pagado', 'TRX100033'),
(35, 3, 280000, '2026-04-24 14:30:00', 'Pagado', 'TRX100035'),
(36, 2, 280000, '2026-06-22 13:30:00', 'Pagado', 'TRX100036'),
(37, 3, 280000, '2026-05-28 14:30:00', 'Pagado', 'TRX100037'),
(39, 3, 140000.0, '2026-05-27 10:15:00', 'Pagado', 'TRX100039'),
(40, 2, 280000, '2026-07-20 11:30:00', 'Pagado', 'TRX100040'),
(41, 1, 280000, '2026-04-25 09:30:00', 'Pagado', 'TRX100041'),
(42, 2, 280000, '2026-06-26 10:30:00', 'Pagado', 'TRX100042'),
(43, 4, 280000, '2026-05-07 09:30:00', 'Pagado', 'TRX100043'),
(44, 4, 280000, '2026-03-26 11:30:00', 'Pagado', 'TRX100044'),
(47, 4, 280000, '2026-07-03 14:30:00', 'Pagado', 'TRX100047'),
(48, 1, 280000, '2026-07-23 17:30:00', 'Pagado', 'TRX100048'),
(50, 4, 280000, '2026-07-02 10:30:00', 'Pagado', 'TRX100050'),
(52, 3, 112000.0, '2026-06-21 10:15:00', 'Pagado', 'TRX100052'),
(53, 2, 280000, '2026-03-25 09:30:00', 'Pagado', 'TRX100053'),
(54, 4, 280000, '2026-06-22 09:30:00', 'Pagado', 'TRX100054'),
(55, 1, 280000, '2026-07-07 15:30:00', 'Pagado', 'TRX100055'),
(57, 2, 280000, '2026-06-20 15:30:00', 'Pagado', 'TRX100057'),
(58, 3, 280000, '2026-05-09 11:30:00', 'Pagado', 'TRX100058'),
(59, 2, 280000, '2026-03-25 17:30:00', 'Pagado', 'TRX100059'),
(60, 3, 280000, '2026-05-24 10:30:00', 'Pagado', 'TRX100060'),
(62, 1, 280000, '2026-03-25 11:30:00', 'Pagado', 'TRX100062'),
(63, 3, 280000, '2026-04-29 11:30:00', 'Pagado', 'TRX100063'),
(65, 3, 84000.0, '2026-04-22 10:15:00', 'Pagado', 'TRX100065'),
(70, 3, 280000, '2026-07-01 11:30:00', 'Pagado', 'TRX100070'),
(73, 1, 320000, '2026-05-27 17:30:00', 'Pagado', 'TRX100073'),
(74, 2, 320000, '2026-05-29 12:30:00', 'Pagado', 'TRX100074'),
(76, 1, 320000, '2026-04-27 16:30:00', 'Pagado', 'TRX100076'),
(78, 4, 96000.0, '2026-06-29 10:15:00', 'Pagado', 'TRX100078'),
(79, 1, 320000, '2026-07-17 09:30:00', 'Pagado', 'TRX100079'),
(81, 4, 320000, '2026-05-24 13:30:00', 'Pagado', 'TRX100081'),
(84, 2, 320000, '2026-07-17 15:30:00', 'Pagado', 'TRX100084'),
(85, 1, 320000, '2026-05-25 16:30:00', 'Pagado', 'TRX100085'),
(86, 1, 320000, '2026-07-02 13:30:00', 'Pagado', 'TRX100086'),
(89, 4, 320000, '2026-05-28 09:30:00', 'Pagado', 'TRX100089'),
(91, 4, 128000.0, '2026-07-06 10:15:00', 'Pagado', 'TRX100091'),
(93, 3, 25000, '2026-05-24 16:30:00', 'Pagado', 'TRX100093'),
(94, 2, 25000, '2026-07-26 12:30:00', 'Pagado', 'TRX100094'),
(95, 2, 70000, '2026-03-16 15:30:00', 'Pagado', 'TRX100095'),
(96, 2, 16000, '2026-05-14 13:30:00', 'Pagado', 'TRX100096'),
(97, 1, 135000, '2026-04-09 10:30:00', 'Pagado', 'TRX100097'),
(99, 2, 135000, '2026-05-09 10:30:00', 'Pagado', 'TRX100099'),
(100, 2, 180000, '2026-04-20 14:30:00', 'Pagado', 'TRX100100'),
(101, 3, 32000, '2026-05-21 10:30:00', 'Pagado', 'TRX100101'),
(102, 2, 35000, '2026-07-03 15:30:00', 'Pagado', 'TRX100102'),
(103, 4, 8000, '2026-03-04 16:30:00', 'Pagado', 'TRX100103'),
(104, 3, 8000.0, '2026-05-27 10:15:00', 'Pagado', 'TRX100104'),
(105, 2, 180000, '2026-03-09 10:30:00', 'Pagado', 'TRX100105'),
(106, 4, 90000, '2026-03-22 14:30:00', 'Pagado', 'TRX100106'),
(108, 4, 35000, '2026-08-20 11:30:00', 'Pagado', 'TRX100108'),
(109, 3, 8000, '2026-06-03 15:30:00', 'Pagado', 'TRX100109'),
(110, 4, 70000, '2026-03-09 16:30:00', 'Pagado', 'TRX100110'),
(112, 1, 8000, '2026-07-07 10:30:00', 'Pagado', 'TRX100112'),
(113, 2, 16000, '2026-07-14 15:30:00', 'Pagado', 'TRX100113'),
(117, 4, 54000.0, '2026-06-14 10:15:00', 'Pagado', 'TRX100117'),
(119, 1, 16000, '2026-06-10 16:30:00', 'Pagado', 'TRX100119'),
(120, 1, 180000, '2026-06-14 13:30:00', 'Pagado', 'TRX100120'),
(121, 1, 90000, '2026-08-21 17:30:00', 'Pagado', 'TRX100121'),
(122, 1, 45000, '2026-08-09 12:30:00', 'Pagado', 'TRX100122'),
(125, 4, 90000, '2026-02-09 15:30:00', 'Pagado', 'TRX100125'),
(127, 3, 8000, '2026-08-01 09:30:00', 'Pagado', 'TRX100127'),
(129, 3, 8000, '2026-03-18 17:30:00', 'Pagado', 'TRX100129'),
(130, 4, 54000.0, '2026-03-30 10:15:00', 'Pagado', 'TRX100130'),
(131, 3, 8000, '2026-04-17 09:30:00', 'Pagado', 'TRX100131'),
(132, 4, 45000, '2026-06-28 13:30:00', 'Pagado', 'TRX100132'),
(134, 2, 180000, '2026-08-09 15:30:00', 'Pagado', 'TRX100134'),
(136, 2, 70000, '2026-07-16 15:30:00', 'Pagado', 'TRX100136'),
(137, 3, 70000, '2026-06-12 09:30:00', 'Pagado', 'TRX100137'),
(139, 4, 270000, '2026-07-23 10:30:00', 'Pagado', 'TRX100139'),
(140, 4, 24000, '2026-02-01 09:30:00', 'Pagado', 'TRX100140'),
(141, 4, 105000, '2026-04-05 10:30:00', 'Pagado', 'TRX100141'),
(142, 2, 270000, '2026-03-11 11:30:00', 'Pagado', 'TRX100142'),
(143, 1, 56000.0, '2026-07-08 10:15:00', 'Pagado', 'TRX100143'),
(144, 1, 35000, '2026-04-20 17:30:00', 'Pagado', 'TRX100144'),
(146, 3, 90000, '2026-04-26 13:30:00', 'Pagado', 'TRX100146'),
(147, 2, 16000, '2026-03-11 13:30:00', 'Pagado', 'TRX100147'),
(148, 2, 180000, '2026-02-10 11:30:00', 'Pagado', 'TRX100148'),
(150, 1, 16000, '2026-06-18 13:30:00', 'Pagado', 'TRX100150'),
(152, 1, 135000, '2026-03-15 16:30:00', 'Pagado', 'TRX100152'),
(153, 1, 8000, '2026-07-02 12:30:00', 'Pagado', 'TRX100153'),
(154, 1, 135000, '2026-08-12 11:30:00', 'Pagado', 'TRX100154'),
(155, 4, 16000, '2026-08-14 12:30:00', 'Pagado', 'TRX100155'),
(156, 4, 17500.0, '2026-01-27 10:15:00', 'Pagado', 'TRX100156'),
(157, 1, 8000, '2026-04-14 11:30:00', 'Pagado', 'TRX100157'),
(160, 1, 8000, '2026-05-26 14:30:00', 'Pagado', 'TRX100160'),
(162, 4, 32000, '2026-06-17 12:30:00', 'Pagado', 'TRX100162'),
(164, 2, 105000, '2026-06-18 16:30:00', 'Pagado', 'TRX100164'),
(167, 3, 32000, '2026-02-10 13:30:00', 'Pagado', 'TRX100167'),
(168, 4, 90000, '2026-02-16 10:30:00', 'Pagado', 'TRX100168'),
(169, 1, 10500.0, '2026-05-10 10:15:00', 'Pagado', 'TRX100169'),
(170, 1, 16000, '2026-07-10 12:30:00', 'Pagado', 'TRX100170'),
(172, 2, 90000, '2026-03-16 15:30:00', 'Pagado', 'TRX100172'),
(173, 3, 840000, '2026-07-10 16:30:00', 'Pagado', 'TRX100173'),
(21, 2, 280000, '2026-06-13 11:00:00', 'Cancelado', 'TRXANU0'),
(128, 4, 73500.0, '2026-06-23 11:00:00', 'Cancelado', 'TRXANU1'),
(137, 4, 70000, '2026-06-21 11:00:00', 'Cancelado', 'TRXANU2'),
(10, 3, 25000, '2026-05-30 11:00:00', 'Cancelado', 'TRXANU3'),
(64, 2, 294000.0, '2026-07-05 11:00:00', 'Cancelado', 'TRXANU4'),
(103, 1, 8000, '2026-05-07 11:00:00', 'Cancelado', 'TRXANU5');

-- ---------- Reembolsos por cancelacion ----------
INSERT INTO reembolsos (id_reserva, id_pago, monto, porcentaje, motivo, fecha) VALUES
(1, NULL, 16000.0, 100.0, 'Reembolso por cancelacion anticipada', '2026-07-10 12:00:00'),
(12, NULL, 11200.0, 70.0, 'Reembolso por cancelacion anticipada', '2026-04-14 12:00:00'),
(23, NULL, 24500.0, 70.0, 'Reembolso por cancelacion anticipada', '2026-04-02 12:00:00'),
(34, NULL, 17500.0, 50.0, 'Reembolso por cancelacion anticipada', '2026-06-28 12:00:00'),
(45, NULL, 5600.0, 70.0, 'Reembolso por cancelacion anticipada', '2026-06-02 12:00:00'),
(56, NULL, 4000.0, 50.0, 'Reembolso por cancelacion anticipada', '2026-07-18 12:00:00'),
(67, NULL, 45000.0, 50.0, 'Reembolso por cancelacion anticipada', '2026-03-29 12:00:00'),
(78, NULL, 8000.0, 50.0, 'Reembolso por cancelacion anticipada', '2026-07-12 12:00:00'),
(89, NULL, 52500.0, 50.0, 'Reembolso por cancelacion anticipada', '2026-05-03 12:00:00'),
(100, NULL, 16000.0, 50.0, 'Reembolso por cancelacion anticipada', '2026-04-25 12:00:00'),
(111, NULL, 98000.0, 70.0, 'Reembolso por cancelacion anticipada', '2026-06-03 12:00:00'),
(122, NULL, 63000.0, 70.0, 'Reembolso por cancelacion anticipada', '2026-07-08 12:00:00');

-- ---------- Penalizaciones por No Show ----------
INSERT INTO penalizaciones (id_reserva, id_usuario, id_factura, monto, motivo, fecha) VALUES
(18, 39, NULL, 54000.0, 'Penalizacion por reserva confirmada sin asistencia', '2026-03-31 09:00:00'),
(35, 43, NULL, 13500.0, 'Penalizacion por reserva confirmada sin asistencia', '2026-03-17 09:00:00'),
(52, 16, NULL, 2400.0, 'Penalizacion por reserva confirmada sin asistencia', '2026-05-17 09:00:00'),
(69, 44, NULL, 31500.0, 'Penalizacion por reserva confirmada sin asistencia', '2026-03-10 09:00:00'),
(86, 13, NULL, 42000.0, 'Penalizacion por reserva confirmada sin asistencia', '2026-03-09 09:00:00'),
(103, 35, NULL, 4800.0, 'Penalizacion por reserva confirmada sin asistencia', '2026-05-13 09:00:00'),
(120, 8, NULL, 7200.0, 'Penalizacion por reserva confirmada sin asistencia', '2026-02-20 09:00:00'),
(137, 44, NULL, 27000.0, 'Penalizacion por reserva confirmada sin asistencia', '2026-02-12 09:00:00');

-- ---------- Credenciales ----------
INSERT INTO credenciales (id_usuario, tipo, codigo, activa, fecha_emision) VALUES
(1, 'QR', 'QR-90013', TRUE, '2026-01-24'),
(2, 'RFID', 'RF-90026', TRUE, '2026-06-13'),
(3, 'QR', 'QR-90039', TRUE, '2025-07-25'),
(4, 'RFID', 'RF-90052', TRUE, '2025-07-15'),
(5, 'QR', 'QR-90065', TRUE, '2025-10-27'),
(6, 'RFID', 'RF-90078', TRUE, '2026-01-19'),
(7, 'QR', 'QR-90091', TRUE, '2024-12-10'),
(8, 'RFID', 'RF-90104', TRUE, '2026-02-09'),
(9, 'QR', 'QR-90117', TRUE, '2025-07-20'),
(10, 'RFID', 'RF-90130', TRUE, '2026-06-02'),
(11, 'QR', 'QR-90143', TRUE, '2025-02-03'),
(12, 'RFID', 'RF-90156', TRUE, '2026-05-06'),
(13, 'QR', 'QR-90169', TRUE, '2026-03-24'),
(14, 'RFID', 'RF-90182', TRUE, '2025-10-09'),
(15, 'QR', 'QR-90195', TRUE, '2025-04-30'),
(16, 'RFID', 'RF-90208', TRUE, '2025-06-16'),
(17, 'QR', 'QR-90221', FALSE, '2025-03-24'),
(18, 'RFID', 'RF-90234', TRUE, '2025-04-22'),
(19, 'QR', 'QR-90247', TRUE, '2026-04-19'),
(20, 'RFID', 'RF-90260', TRUE, '2026-02-12'),
(21, 'QR', 'QR-90273', TRUE, '2025-04-14'),
(22, 'RFID', 'RF-90286', TRUE, '2025-06-25'),
(23, 'QR', 'QR-90299', TRUE, '2026-02-06'),
(24, 'RFID', 'RF-90312', TRUE, '2025-10-10'),
(25, 'QR', 'QR-90325', TRUE, '2026-03-24'),
(26, 'RFID', 'RF-90338', TRUE, '2025-11-28'),
(27, 'QR', 'QR-90351', TRUE, '2024-12-05'),
(28, 'RFID', 'RF-90364', TRUE, '2026-03-13'),
(29, 'QR', 'QR-90377', FALSE, '2026-02-19'),
(30, 'RFID', 'RF-90390', TRUE, '2025-09-19'),
(31, 'QR', 'QR-90403', TRUE, '2025-05-27'),
(32, 'RFID', 'RF-90416', TRUE, '2025-12-28'),
(33, 'QR', 'QR-90429', TRUE, '2026-05-09'),
(34, 'RFID', 'RF-90442', TRUE, '2025-11-23'),
(35, 'QR', 'QR-90455', TRUE, '2026-01-02'),
(36, 'RFID', 'RF-90468', TRUE, '2025-07-13'),
(37, 'QR', 'QR-90481', TRUE, '2025-01-21'),
(38, 'RFID', 'RF-90494', TRUE, '2024-12-18'),
(39, 'QR', 'QR-90507', TRUE, '2025-10-16'),
(40, 'RFID', 'RF-90520', TRUE, '2026-02-04'),
(41, 'QR', 'QR-90533', TRUE, '2025-02-22'),
(42, 'RFID', 'RF-90546', TRUE, '2026-03-15'),
(43, 'QR', 'QR-90559', TRUE, '2025-06-04'),
(44, 'RFID', 'RF-90572', FALSE, '2025-12-13'),
(45, 'QR', 'QR-90585', TRUE, '2025-11-27'),
(47, 'QR', 'QR-90611', TRUE, '2026-02-01'),
(50, 'RFID', 'RF-90650', TRUE, '2024-12-21');

-- ---------- Accesos ----------
-- Incluye entradas sin salida registrada, accesos rechazados por QR
-- invalido, por membresia vencida y por horario fuera de servicio.
INSERT INTO accesos (id_usuario, id_credencial, id_membresia, id_reserva, tipo_credencial, codigo_presentado, fecha_hora_entrada, fecha_hora_salida, resultado, motivo_rechazo) VALUES
(22, 22, NULL, NULL, 'RFID', 'RF-90286', '2026-06-26 07:00:00', NULL, 'Rechazado', 'Acceso fuera del horario permitido'),
(40, 40, NULL, NULL, 'RFID', 'RF-90520', '2026-06-06 11:30:00', '2026-06-06 14:30:00', 'Permitido', NULL),
(8, 8, NULL, NULL, 'RFID', 'RF-90104', '2026-05-13 10:00:00', '2026-05-13 14:00:00', 'Permitido', NULL),
(21, 21, NULL, NULL, 'QR', 'QR-90273', '2026-03-25 18:45:00', '2026-03-25 21:45:00', 'Permitido', NULL),
(7, 7, NULL, NULL, 'QR', 'QR-90091', '2026-07-20 15:15:00', '2026-07-20 21:15:00', 'Permitido', NULL),
(29, 29, NULL, NULL, 'QR', 'QR-90377', '2026-01-15 16:45:00', '2026-01-15 18:45:00', 'Permitido', NULL),
(40, 40, NULL, NULL, 'RFID', 'RF-90520', '2026-01-25 12:15:00', '2026-01-25 13:15:00', 'Permitido', NULL),
(39, 39, NULL, NULL, 'QR', 'QR-90507', '2026-04-28 12:15:00', '2026-04-28 14:15:00', 'Permitido', NULL),
(42, 42, NULL, NULL, 'RFID', 'RF-90546', '2026-06-27 08:00:00', '2026-06-27 15:00:00', 'Permitido', NULL),
(33, 33, NULL, NULL, 'QR', 'QR-90429', '2026-03-21 18:15:00', '2026-03-22 00:15:00', 'Permitido', NULL),
(17, 17, NULL, NULL, 'QR', 'QR-90221', '2026-07-15 08:30:00', '2026-07-15 15:30:00', 'Permitido', NULL),
(30, 30, NULL, NULL, 'RFID', 'RF-90390', '2026-06-07 08:45:00', '2026-06-07 10:45:00', 'Permitido', NULL),
(5, 5, NULL, NULL, 'QR', 'QR-90065', '2026-06-06 17:00:00', '2026-06-06 19:00:00', 'Permitido', NULL),
(26, 26, NULL, NULL, 'RFID', 'RF-90338', '2026-03-05 11:30:00', '2026-03-05 17:30:00', 'Permitido', NULL),
(23, 23, NULL, NULL, 'QR', 'QR-90299', '2026-03-04 17:30:00', '2026-03-04 19:30:00', 'Permitido', NULL),
(40, 40, NULL, NULL, 'RFID', 'RF-90520', '2026-04-30 14:00:00', NULL, 'Permitido', NULL),
(34, 34, NULL, NULL, 'RFID', 'RF-90442', '2026-01-06 10:30:00', '2026-01-06 11:30:00', 'Permitido', NULL),
(40, 40, NULL, NULL, 'RFID', 'RF-90520', '2026-03-08 10:30:00', '2026-03-08 14:30:00', 'Permitido', NULL),
(41, 41, NULL, NULL, 'QR', 'QR-90533', '2026-02-22 11:00:00', '2026-02-22 13:00:00', 'Permitido', NULL),
(38, 38, NULL, NULL, 'RFID', 'RF-90494', '2026-07-23 14:00:00', '2026-07-23 16:00:00', 'Permitido', NULL),
(17, 17, NULL, NULL, 'QR', 'QR-90221', '2026-03-23 15:30:00', '2026-03-23 18:30:00', 'Permitido', NULL),
(NULL, NULL, NULL, NULL, 'QR', 'QR-87428', '2026-05-10 07:30:00', NULL, 'Rechazado', 'QR invalido o no registrado'),
(34, 34, NULL, NULL, 'RFID', 'RF-90442', '2026-07-18 12:15:00', '2026-07-18 18:15:00', 'Permitido', NULL),
(3, 3, NULL, NULL, 'QR', 'QR-90039', '2026-07-07 16:00:00', '2026-07-07 23:00:00', 'Permitido', NULL),
(21, 21, NULL, NULL, 'QR', 'QR-90273', '2026-06-17 07:00:00', '2026-06-17 11:00:00', 'Permitido', NULL),
(42, 42, NULL, NULL, 'RFID', 'RF-90546', '2026-05-09 13:30:00', '2026-05-09 16:30:00', 'Permitido', NULL),
(1, 1, NULL, NULL, 'QR', 'QR-90013', '2026-06-02 11:00:00', '2026-06-02 19:00:00', 'Permitido', NULL),
(25, 25, NULL, NULL, 'QR', 'QR-90325', '2026-05-11 08:30:00', '2026-05-11 11:30:00', 'Permitido', NULL),
(20, 20, NULL, NULL, 'RFID', 'RF-90260', '2026-02-25 14:45:00', '2026-02-25 15:45:00', 'Permitido', NULL),
(22, 22, NULL, NULL, 'RFID', 'RF-90286', '2026-05-25 10:45:00', '2026-05-25 16:45:00', 'Permitido', NULL),
(25, 25, NULL, NULL, 'QR', 'QR-90325', '2026-06-16 17:00:00', NULL, 'Permitido', NULL),
(4, 4, NULL, NULL, 'RFID', 'RF-90052', '2026-06-25 08:00:00', '2026-06-25 16:00:00', 'Permitido', NULL),
(21, 21, NULL, NULL, 'QR', 'QR-90273', '2026-05-27 07:45:00', '2026-05-27 08:45:00', 'Permitido', NULL),
(45, 45, NULL, NULL, 'QR', 'QR-90585', '2026-07-20 18:00:00', '2026-07-21 00:00:00', 'Permitido', NULL),
(45, 45, NULL, NULL, 'QR', 'QR-90585', '2026-05-29 14:00:00', '2026-05-29 15:00:00', 'Permitido', NULL),
(7, 7, NULL, NULL, 'QR', 'QR-90091', '2026-03-30 09:45:00', '2026-03-30 11:45:00', 'Permitido', NULL),
(30, 30, NULL, NULL, 'RFID', 'RF-90390', '2026-06-10 09:30:00', '2026-06-10 15:30:00', 'Permitido', NULL),
(38, 38, NULL, NULL, 'RFID', 'RF-90494', '2026-02-26 11:00:00', '2026-02-26 16:00:00', 'Permitido', NULL),
(24, 24, NULL, NULL, 'RFID', 'RF-90312', '2026-06-17 16:15:00', '2026-06-17 18:15:00', 'Permitido', NULL),
(13, 13, NULL, NULL, 'QR', 'QR-90169', '2026-06-30 10:00:00', '2026-06-30 11:00:00', 'Permitido', NULL),
(45, 45, NULL, NULL, 'QR', 'QR-90585', '2026-02-08 18:15:00', '2026-02-09 01:15:00', 'Permitido', NULL),
(18, 18, NULL, NULL, 'RFID', 'RF-90234', '2026-01-17 11:00:00', '2026-01-17 13:00:00', 'Permitido', NULL),
(34, 34, NULL, NULL, 'RFID', 'RF-90442', '2026-04-06 16:30:00', NULL, 'Rechazado', 'Membresia vencida'),
(26, 26, NULL, NULL, 'RFID', 'RF-90338', '2026-07-14 13:45:00', '2026-07-14 15:45:00', 'Permitido', NULL),
(14, 14, NULL, NULL, 'RFID', 'RF-90182', '2026-06-08 11:45:00', '2026-06-08 17:45:00', 'Permitido', NULL),
(45, 45, NULL, NULL, 'QR', 'QR-90585', '2026-04-08 17:45:00', NULL, 'Permitido', NULL),
(37, 37, NULL, NULL, 'QR', 'QR-90481', '2026-02-24 12:00:00', '2026-02-24 20:00:00', 'Permitido', NULL),
(37, 37, NULL, NULL, 'QR', 'QR-90481', '2026-05-14 13:30:00', '2026-05-14 17:30:00', 'Permitido', NULL),
(9, 9, NULL, NULL, 'QR', 'QR-90117', '2026-06-25 18:00:00', '2026-06-26 02:00:00', 'Permitido', NULL),
(30, 30, NULL, NULL, 'RFID', 'RF-90390', '2026-06-21 18:30:00', '2026-06-22 02:30:00', 'Permitido', NULL),
(21, 21, NULL, NULL, 'QR', 'QR-90273', '2026-04-21 17:00:00', '2026-04-21 18:00:00', 'Permitido', NULL),
(3, 3, NULL, NULL, 'QR', 'QR-90039', '2026-01-11 15:15:00', '2026-01-11 16:15:00', 'Permitido', NULL),
(14, 14, NULL, NULL, 'RFID', 'RF-90182', '2026-05-10 12:30:00', '2026-05-10 16:30:00', 'Permitido', NULL),
(22, 22, NULL, NULL, 'RFID', 'RF-90286', '2026-06-15 16:45:00', '2026-06-15 22:45:00', 'Permitido', NULL),
(3, 3, NULL, NULL, 'QR', 'QR-90039', '2026-03-20 14:45:00', '2026-03-20 18:45:00', 'Permitido', NULL),
(38, 38, NULL, NULL, 'RFID', 'RF-90494', '2026-05-15 11:00:00', '2026-05-15 17:00:00', 'Permitido', NULL),
(8, 8, NULL, NULL, 'RFID', 'RF-90104', '2026-05-08 18:15:00', '2026-05-08 20:15:00', 'Permitido', NULL),
(22, 22, NULL, NULL, 'RFID', 'RF-90286', '2026-02-26 13:30:00', '2026-02-26 15:30:00', 'Permitido', NULL),
(3, 3, NULL, NULL, 'QR', 'QR-90039', '2026-06-05 18:30:00', '2026-06-05 19:30:00', 'Permitido', NULL),
(31, 31, NULL, NULL, 'QR', 'QR-90403', '2026-04-29 08:15:00', '2026-04-29 11:15:00', 'Permitido', NULL),
(36, 36, NULL, NULL, 'RFID', 'RF-90468', '2026-02-08 07:30:00', NULL, 'Permitido', NULL),
(28, 28, NULL, NULL, 'RFID', 'RF-90364', '2026-02-13 18:00:00', '2026-02-13 22:00:00', 'Permitido', NULL),
(25, 25, NULL, NULL, 'QR', 'QR-90325', '2026-05-24 11:30:00', '2026-05-24 16:30:00', 'Permitido', NULL),
(28, 28, NULL, NULL, 'RFID', 'RF-90364', '2026-06-15 17:45:00', NULL, 'Rechazado', 'Acceso fuera del horario permitido'),
(50, 47, NULL, NULL, 'RFID', 'RF-90650', '2026-02-05 18:45:00', '2026-02-05 21:45:00', 'Permitido', NULL),
(8, 8, NULL, NULL, 'RFID', 'RF-90104', '2026-05-31 07:30:00', '2026-05-31 09:30:00', 'Permitido', NULL),
(28, 28, NULL, NULL, 'RFID', 'RF-90364', '2026-02-08 08:45:00', '2026-02-08 16:45:00', 'Permitido', NULL),
(25, 25, NULL, NULL, 'QR', 'QR-90325', '2026-04-28 07:30:00', '2026-04-28 10:30:00', 'Permitido', NULL),
(27, 27, NULL, NULL, 'QR', 'QR-90351', '2026-04-30 08:45:00', '2026-04-30 09:45:00', 'Permitido', NULL),
(15, 15, NULL, NULL, 'QR', 'QR-90195', '2026-05-23 17:45:00', '2026-05-24 00:45:00', 'Permitido', NULL),
(23, 23, NULL, NULL, 'QR', 'QR-90299', '2026-06-04 15:45:00', '2026-06-04 20:45:00', 'Permitido', NULL),
(36, 36, NULL, NULL, 'RFID', 'RF-90468', '2026-06-19 10:45:00', '2026-06-19 17:45:00', 'Permitido', NULL),
(34, 34, NULL, NULL, 'RFID', 'RF-90442', '2026-04-30 15:15:00', '2026-04-30 20:15:00', 'Permitido', NULL),
(9, 9, NULL, NULL, 'QR', 'QR-90117', '2026-03-18 12:30:00', '2026-03-18 19:30:00', 'Permitido', NULL),
(3, 3, NULL, NULL, 'QR', 'QR-90039', '2026-01-07 17:15:00', '2026-01-07 22:15:00', 'Permitido', NULL),
(38, 38, NULL, NULL, 'RFID', 'RF-90494', '2026-04-08 18:00:00', NULL, 'Permitido', NULL),
(11, 11, NULL, NULL, 'QR', 'QR-90143', '2026-05-30 14:15:00', '2026-05-30 21:15:00', 'Permitido', NULL),
(44, 44, NULL, NULL, 'RFID', 'RF-90572', '2026-07-04 10:00:00', '2026-07-04 18:00:00', 'Permitido', NULL),
(35, 35, NULL, NULL, 'QR', 'QR-90455', '2026-05-04 17:45:00', '2026-05-04 19:45:00', 'Permitido', NULL),
(3, 3, NULL, NULL, 'QR', 'QR-90039', '2026-05-17 09:30:00', '2026-05-17 11:30:00', 'Permitido', NULL),
(35, 35, NULL, NULL, 'QR', 'QR-90455', '2026-03-14 11:45:00', '2026-03-14 17:45:00', 'Permitido', NULL),
(22, 22, NULL, NULL, 'RFID', 'RF-90286', '2026-02-08 09:15:00', '2026-02-08 15:15:00', 'Permitido', NULL),
(13, 13, NULL, NULL, 'QR', 'QR-90169', '2026-02-19 12:15:00', '2026-02-19 15:15:00', 'Permitido', NULL),
(9, 9, NULL, NULL, 'QR', 'QR-90117', '2026-04-18 16:15:00', '2026-04-18 18:15:00', 'Permitido', NULL),
(NULL, NULL, NULL, NULL, 'QR', 'QR-96762', '2026-02-16 12:00:00', NULL, 'Rechazado', 'QR invalido o no registrado'),
(29, 29, NULL, NULL, 'QR', 'QR-90377', '2026-02-24 07:15:00', '2026-02-24 15:15:00', 'Permitido', NULL),
(32, 32, NULL, NULL, 'RFID', 'RF-90416', '2026-04-25 09:00:00', '2026-04-25 16:00:00', 'Permitido', NULL),
(11, 11, NULL, NULL, 'QR', 'QR-90143', '2026-06-30 11:30:00', '2026-06-30 18:30:00', 'Permitido', NULL),
(7, 7, NULL, NULL, 'QR', 'QR-90091', '2026-05-25 11:15:00', '2026-05-25 17:15:00', 'Permitido', NULL),
(47, 46, NULL, NULL, 'QR', 'QR-90611', '2026-02-27 13:30:00', '2026-02-27 18:30:00', 'Permitido', NULL),
(42, 42, NULL, NULL, 'RFID', 'RF-90546', '2026-04-07 09:00:00', NULL, 'Permitido', NULL),
(24, 24, NULL, NULL, 'RFID', 'RF-90312', '2026-05-01 11:30:00', '2026-05-01 18:30:00', 'Permitido', NULL),
(18, 18, NULL, NULL, 'RFID', 'RF-90234', '2026-02-10 09:15:00', '2026-02-10 13:15:00', 'Permitido', NULL),
(41, 41, NULL, NULL, 'QR', 'QR-90533', '2026-01-17 15:45:00', '2026-01-17 17:45:00', 'Permitido', NULL),
(27, 27, NULL, NULL, 'QR', 'QR-90351', '2026-02-01 09:30:00', '2026-02-01 16:30:00', 'Permitido', NULL),
(50, 47, NULL, NULL, 'RFID', 'RF-90650', '2026-04-17 11:30:00', '2026-04-17 12:30:00', 'Permitido', NULL),
(30, 30, NULL, NULL, 'RFID', 'RF-90390', '2026-01-08 08:15:00', '2026-01-08 14:15:00', 'Permitido', NULL),
(16, 16, NULL, NULL, 'RFID', 'RF-90208', '2026-01-18 11:15:00', '2026-01-18 18:15:00', 'Permitido', NULL),
(35, 35, NULL, NULL, 'QR', 'QR-90455', '2026-04-11 10:45:00', '2026-04-11 18:45:00', 'Permitido', NULL),
(47, 46, NULL, NULL, 'QR', 'QR-90611', '2026-03-06 07:00:00', '2026-03-06 14:00:00', 'Permitido', NULL),
(20, 20, NULL, NULL, 'RFID', 'RF-90260', '2026-06-23 14:15:00', '2026-06-23 20:15:00', 'Permitido', NULL),
(37, 37, NULL, NULL, 'QR', 'QR-90481', '2026-04-04 11:30:00', '2026-04-04 14:30:00', 'Permitido', NULL),
(25, 25, NULL, NULL, 'QR', 'QR-90325', '2026-01-23 15:00:00', '2026-01-23 17:00:00', 'Permitido', NULL),
(9, 9, NULL, NULL, 'QR', 'QR-90117', '2026-07-16 13:30:00', '2026-07-16 15:30:00', 'Permitido', NULL),
(40, 40, NULL, NULL, 'RFID', 'RF-90520', '2026-03-23 08:00:00', '2026-03-23 09:00:00', 'Permitido', NULL),
(NULL, NULL, NULL, NULL, 'QR', 'QR-45545', '2026-05-01 18:15:00', NULL, 'Rechazado', 'QR invalido o no registrado'),
(3, 3, NULL, NULL, 'QR', 'QR-90039', '2026-03-26 12:00:00', '2026-03-26 17:00:00', 'Permitido', NULL),
(50, 47, NULL, NULL, 'RFID', 'RF-90650', '2026-06-14 16:15:00', '2026-06-14 17:15:00', 'Permitido', NULL),
(42, 42, NULL, NULL, 'RFID', 'RF-90546', '2026-03-01 09:30:00', '2026-03-01 11:30:00', 'Permitido', NULL),
(1, 1, NULL, NULL, 'QR', 'QR-90013', '2026-03-02 07:30:00', '2026-03-02 08:30:00', 'Permitido', NULL),
(21, 21, NULL, NULL, 'QR', 'QR-90273', '2026-03-20 11:30:00', '2026-03-20 16:30:00', 'Permitido', NULL),
(43, 43, NULL, NULL, 'QR', 'QR-90559', '2026-03-10 13:00:00', '2026-03-10 21:00:00', 'Permitido', NULL),
(6, 6, NULL, NULL, 'RFID', 'RF-90078', '2026-02-24 13:30:00', '2026-02-24 20:30:00', 'Permitido', NULL),
(30, 30, NULL, NULL, 'RFID', 'RF-90390', '2026-01-08 15:15:00', '2026-01-08 17:15:00', 'Permitido', NULL),
(34, 34, NULL, NULL, 'RFID', 'RF-90442', '2026-05-14 12:15:00', '2026-05-14 14:15:00', 'Permitido', NULL),
(18, 18, NULL, NULL, 'RFID', 'RF-90234', '2026-05-02 10:00:00', '2026-05-02 13:00:00', 'Permitido', NULL),
(22, 22, NULL, NULL, 'RFID', 'RF-90286', '2026-05-07 11:00:00', '2026-05-07 14:00:00', 'Permitido', NULL),
(6, 6, NULL, NULL, 'RFID', 'RF-90078', '2026-06-29 14:30:00', '2026-06-29 15:30:00', 'Permitido', NULL),
(24, 24, NULL, NULL, 'RFID', 'RF-90312', '2026-05-03 11:30:00', '2026-05-03 14:30:00', 'Permitido', NULL),
(1, 1, NULL, NULL, 'QR', 'QR-90013', '2026-05-12 09:00:00', '2026-05-12 14:00:00', 'Permitido', NULL),
(27, 27, NULL, NULL, 'QR', 'QR-90351', '2026-03-09 14:00:00', NULL, 'Permitido', NULL),
(5, 5, NULL, NULL, 'QR', 'QR-90065', '2026-01-13 08:15:00', '2026-01-13 14:15:00', 'Permitido', NULL),
(7, 7, NULL, NULL, 'QR', 'QR-90091', '2026-01-29 12:45:00', '2026-01-29 20:45:00', 'Permitido', NULL),
(41, 41, NULL, NULL, 'QR', 'QR-90533', '2026-01-30 16:30:00', '2026-01-30 23:30:00', 'Permitido', NULL),
(17, 17, NULL, NULL, 'QR', 'QR-90221', '2026-07-11 09:45:00', '2026-07-11 17:45:00', 'Permitido', NULL),
(8, 8, NULL, NULL, 'RFID', 'RF-90104', '2026-03-03 18:45:00', '2026-03-03 23:45:00', 'Permitido', NULL),
(6, 6, NULL, NULL, 'RFID', 'RF-90078', '2026-02-10 13:30:00', NULL, 'Rechazado', 'Credencial desactivada'),
(38, 38, NULL, NULL, 'RFID', 'RF-90494', '2026-01-15 18:00:00', '2026-01-15 22:00:00', 'Permitido', NULL),
(3, 3, NULL, NULL, 'QR', 'QR-90039', '2026-03-26 11:00:00', '2026-03-26 19:00:00', 'Permitido', NULL),
(38, 38, NULL, NULL, 'RFID', 'RF-90494', '2026-04-27 08:00:00', '2026-04-27 09:00:00', 'Permitido', NULL),
(50, 47, NULL, NULL, 'RFID', 'RF-90650', '2026-04-23 11:45:00', '2026-04-23 17:45:00', 'Permitido', NULL),
(39, 39, NULL, NULL, 'QR', 'QR-90507', '2026-03-04 13:30:00', '2026-03-04 18:30:00', 'Permitido', NULL),
(44, 44, NULL, NULL, 'RFID', 'RF-90572', '2026-01-27 13:00:00', '2026-01-27 19:00:00', 'Permitido', NULL),
(32, 32, NULL, NULL, 'RFID', 'RF-90416', '2026-06-03 11:00:00', '2026-06-03 15:00:00', 'Permitido', NULL),
(10, 10, NULL, NULL, 'RFID', 'RF-90130', '2026-03-27 15:30:00', '2026-03-27 19:30:00', 'Permitido', NULL),
(36, 36, NULL, NULL, 'RFID', 'RF-90468', '2026-06-24 09:45:00', NULL, 'Permitido', NULL),
(16, 16, NULL, NULL, 'RFID', 'RF-90208', '2026-05-15 14:45:00', '2026-05-15 21:45:00', 'Permitido', NULL),
(2, 2, NULL, NULL, 'RFID', 'RF-90026', '2026-05-15 07:00:00', '2026-05-15 12:00:00', 'Permitido', NULL),
(33, 33, NULL, NULL, 'QR', 'QR-90429', '2026-04-09 18:00:00', '2026-04-09 21:00:00', 'Permitido', NULL),
(18, 18, NULL, NULL, 'RFID', 'RF-90234', '2026-01-09 08:30:00', '2026-01-09 16:30:00', 'Permitido', NULL),
(18, 18, NULL, NULL, 'RFID', 'RF-90234', '2026-05-22 15:00:00', '2026-05-22 19:00:00', 'Permitido', NULL),
(12, 12, NULL, NULL, 'RFID', 'RF-90156', '2026-03-19 07:45:00', '2026-03-19 11:45:00', 'Permitido', NULL),
(18, 18, NULL, NULL, 'RFID', 'RF-90234', '2026-06-24 16:00:00', '2026-06-24 20:00:00', 'Permitido', NULL),
(12, 12, NULL, NULL, 'RFID', 'RF-90156', '2026-03-18 08:15:00', '2026-03-18 16:15:00', 'Permitido', NULL),
(11, 11, NULL, NULL, 'QR', 'QR-90143', '2026-05-18 10:15:00', '2026-05-18 17:15:00', 'Permitido', NULL),
(41, 41, NULL, NULL, 'QR', 'QR-90533', '2026-02-13 15:45:00', '2026-02-13 23:45:00', 'Permitido', NULL),
(3, 3, NULL, NULL, 'QR', 'QR-90039', '2026-05-24 17:45:00', '2026-05-24 22:45:00', 'Permitido', NULL),
(9, 9, NULL, NULL, 'QR', 'QR-90117', '2026-01-19 14:00:00', NULL, 'Rechazado', 'Credencial desactivada'),
(21, 21, NULL, NULL, 'QR', 'QR-90273', '2026-05-01 11:00:00', '2026-05-01 13:00:00', 'Permitido', NULL),
(40, 40, NULL, NULL, 'RFID', 'RF-90520', '2026-01-27 12:00:00', '2026-01-27 20:00:00', 'Permitido', NULL),
(15, 15, NULL, NULL, 'QR', 'QR-90195', '2026-02-15 09:15:00', NULL, 'Permitido', NULL),
(15, 15, NULL, NULL, 'QR', 'QR-90195', '2026-02-26 08:00:00', '2026-02-26 12:00:00', 'Permitido', NULL),
(5, 5, NULL, NULL, 'QR', 'QR-90065', '2026-03-18 07:00:00', '2026-03-18 13:00:00', 'Permitido', NULL),
(32, 32, NULL, NULL, 'RFID', 'RF-90416', '2026-05-17 17:45:00', '2026-05-17 19:45:00', 'Permitido', NULL),
(37, 37, NULL, NULL, 'QR', 'QR-90481', '2026-04-07 17:45:00', '2026-04-07 21:45:00', 'Permitido', NULL),
(8, 8, NULL, NULL, 'RFID', 'RF-90104', '2026-05-16 16:30:00', '2026-05-16 17:30:00', 'Permitido', NULL),
(40, 40, NULL, NULL, 'RFID', 'RF-90520', '2026-05-31 11:15:00', '2026-05-31 15:15:00', 'Permitido', NULL),
(2, 2, NULL, NULL, 'RFID', 'RF-90026', '2026-05-12 07:30:00', '2026-05-12 12:30:00', 'Permitido', NULL),
(5, 5, NULL, NULL, 'QR', 'QR-90065', '2026-03-10 14:15:00', '2026-03-10 20:15:00', 'Permitido', NULL),
(40, 40, NULL, NULL, 'RFID', 'RF-90520', '2026-06-10 15:30:00', '2026-06-10 22:30:00', 'Permitido', NULL),
(14, 14, NULL, NULL, 'RFID', 'RF-90182', '2026-07-03 09:00:00', '2026-07-03 12:00:00', 'Permitido', NULL),
(29, 29, NULL, NULL, 'QR', 'QR-90377', '2026-02-01 14:15:00', '2026-02-01 21:15:00', 'Permitido', NULL),
(12, 12, NULL, NULL, 'RFID', 'RF-90156', '2026-03-22 07:00:00', '2026-03-22 09:00:00', 'Permitido', NULL),
(32, 32, NULL, NULL, 'RFID', 'RF-90416', '2026-03-24 18:30:00', '2026-03-24 23:30:00', 'Permitido', NULL),
(28, 28, NULL, NULL, 'RFID', 'RF-90364', '2026-01-06 12:00:00', '2026-01-06 15:00:00', 'Permitido', NULL),
(45, 45, NULL, NULL, 'QR', 'QR-90585', '2026-06-06 16:15:00', NULL, 'Permitido', NULL),
(24, 24, NULL, NULL, 'RFID', 'RF-90312', '2026-01-20 14:00:00', '2026-01-20 16:00:00', 'Permitido', NULL),
(30, 30, NULL, NULL, 'RFID', 'RF-90390', '2026-05-27 13:15:00', '2026-05-27 15:15:00', 'Permitido', NULL),
(33, 33, NULL, NULL, 'QR', 'QR-90429', '2026-05-18 08:30:00', NULL, 'Rechazado', 'Acceso fuera del horario permitido'),
(33, 33, NULL, NULL, 'QR', 'QR-90429', '2026-01-27 18:45:00', '2026-01-27 19:45:00', 'Permitido', NULL),
(50, 47, NULL, NULL, 'RFID', 'RF-90650', '2026-03-08 07:15:00', '2026-03-08 10:15:00', 'Permitido', NULL),
(50, 47, NULL, NULL, 'RFID', 'RF-90650', '2026-02-08 09:15:00', '2026-02-08 12:15:00', 'Permitido', NULL),
(45, 45, NULL, NULL, 'QR', 'QR-90585', '2026-05-15 12:45:00', '2026-05-15 18:45:00', 'Permitido', NULL),
(1, 1, NULL, NULL, 'QR', 'QR-90013', '2026-05-04 11:15:00', '2026-05-04 16:15:00', 'Permitido', NULL),
(20, 20, NULL, NULL, 'RFID', 'RF-90260', '2026-06-15 12:15:00', '2026-06-15 14:15:00', 'Permitido', NULL),
(12, 12, NULL, NULL, 'RFID', 'RF-90156', '2026-07-22 08:30:00', '2026-07-22 10:30:00', 'Permitido', NULL),
(10, 10, NULL, NULL, 'RFID', 'RF-90130', '2026-02-24 11:15:00', '2026-02-24 14:15:00', 'Permitido', NULL),
(45, 45, NULL, NULL, 'QR', 'QR-90585', '2026-06-30 11:30:00', '2026-06-30 17:30:00', 'Permitido', NULL),
(26, 26, NULL, NULL, 'RFID', 'RF-90338', '2026-04-27 10:15:00', '2026-04-27 13:15:00', 'Permitido', NULL),
(14, 14, NULL, NULL, 'RFID', 'RF-90182', '2026-02-12 18:15:00', '2026-02-12 22:15:00', 'Permitido', NULL),
(32, 32, NULL, NULL, 'RFID', 'RF-90416', '2026-03-24 11:30:00', NULL, 'Permitido', NULL),
(4, 4, NULL, NULL, 'RFID', 'RF-90052', '2026-07-02 09:15:00', '2026-07-02 12:15:00', 'Permitido', NULL),
(9, 9, NULL, NULL, 'QR', 'QR-90117', '2026-06-11 15:30:00', '2026-06-11 16:30:00', 'Permitido', NULL),
(30, 30, NULL, NULL, 'RFID', 'RF-90390', '2026-02-05 10:00:00', '2026-02-05 15:00:00', 'Permitido', NULL),
(28, 28, NULL, NULL, 'RFID', 'RF-90364', '2026-01-09 17:30:00', '2026-01-09 20:30:00', 'Permitido', NULL),
(15, 15, NULL, NULL, 'QR', 'QR-90195', '2026-02-25 07:15:00', '2026-02-25 13:15:00', 'Permitido', NULL),
(37, 37, NULL, NULL, 'QR', 'QR-90481', '2026-07-20 15:30:00', '2026-07-20 21:30:00', 'Permitido', NULL),
(44, 44, NULL, NULL, 'RFID', 'RF-90572', '2026-05-15 14:00:00', '2026-05-15 19:00:00', 'Permitido', NULL),
(23, 23, NULL, NULL, 'QR', 'QR-90299', '2026-05-20 10:15:00', '2026-05-20 14:15:00', 'Permitido', NULL),
(39, 39, NULL, NULL, 'QR', 'QR-90507', '2026-02-24 07:30:00', NULL, 'Rechazado', 'Credencial desactivada'),
(20, 20, NULL, NULL, 'RFID', 'RF-90260', '2026-05-05 08:15:00', '2026-05-05 11:15:00', 'Permitido', NULL),
(1, 1, NULL, NULL, 'QR', 'QR-90013', '2026-04-01 13:30:00', '2026-04-01 17:30:00', 'Permitido', NULL),
(25, 25, NULL, NULL, 'QR', 'QR-90325', '2026-05-19 13:00:00', '2026-05-19 18:00:00', 'Permitido', NULL),
(34, 34, NULL, NULL, 'RFID', 'RF-90442', '2026-03-13 16:45:00', '2026-03-13 18:45:00', 'Permitido', NULL),
(31, 31, NULL, NULL, 'QR', 'QR-90403', '2026-03-04 11:00:00', '2026-03-04 16:00:00', 'Permitido', NULL),
(6, 6, NULL, NULL, 'RFID', 'RF-90078', '2026-02-16 11:45:00', NULL, 'Permitido', NULL),
(4, 4, NULL, NULL, 'RFID', 'RF-90052', '2026-04-09 12:30:00', '2026-04-09 15:30:00', 'Permitido', NULL),
(27, 27, NULL, NULL, 'QR', 'QR-90351', '2026-03-17 08:45:00', '2026-03-17 12:45:00', 'Permitido', NULL),
(23, 23, NULL, NULL, 'QR', 'QR-90299', '2026-05-23 08:45:00', '2026-05-23 10:45:00', 'Permitido', NULL),
(29, 29, NULL, NULL, 'QR', 'QR-90377', '2026-05-02 16:00:00', '2026-05-02 18:00:00', 'Permitido', NULL),
(22, 22, NULL, NULL, 'RFID', 'RF-90286', '2026-07-10 17:45:00', '2026-07-10 18:45:00', 'Permitido', NULL),
(11, 11, NULL, NULL, 'QR', 'QR-90143', '2026-07-02 10:15:00', '2026-07-02 12:15:00', 'Permitido', NULL),
(5, 5, NULL, NULL, 'QR', 'QR-90065', '2026-06-26 11:30:00', '2026-06-26 16:30:00', 'Permitido', NULL),
(40, 40, NULL, NULL, 'RFID', 'RF-90520', '2026-05-07 12:45:00', '2026-05-07 14:45:00', 'Permitido', NULL),
(35, 35, NULL, NULL, 'QR', 'QR-90455', '2026-07-06 13:30:00', '2026-07-06 21:30:00', 'Permitido', NULL),
(14, 14, NULL, NULL, 'RFID', 'RF-90182', '2026-05-28 07:45:00', '2026-05-28 12:45:00', 'Permitido', NULL),
(14, 14, NULL, NULL, 'RFID', 'RF-90182', '2026-06-11 16:30:00', '2026-06-11 21:30:00', 'Permitido', NULL),
(17, 17, NULL, NULL, 'QR', 'QR-90221', '2026-04-17 12:15:00', '2026-04-17 20:15:00', 'Permitido', NULL),
(1, 1, NULL, NULL, 'QR', 'QR-90013', '2026-04-30 07:00:00', '2026-04-30 14:00:00', 'Permitido', NULL),
(10, 10, NULL, NULL, 'RFID', 'RF-90130', '2026-07-23 08:15:00', '2026-07-23 10:15:00', 'Permitido', NULL),
(20, 20, NULL, NULL, 'RFID', 'RF-90260', '2026-06-28 09:15:00', NULL, 'Rechazado', 'Acceso fuera del horario permitido'),
(4, 4, NULL, NULL, 'RFID', 'RF-90052', '2026-07-05 18:45:00', '2026-07-05 22:45:00', 'Permitido', NULL),
(42, 42, NULL, NULL, 'RFID', 'RF-90546', '2026-06-14 13:15:00', '2026-06-14 17:15:00', 'Permitido', NULL),
(47, 46, NULL, NULL, 'QR', 'QR-90611', '2026-01-20 13:45:00', '2026-01-20 20:45:00', 'Permitido', NULL),
(20, 20, NULL, NULL, 'RFID', 'RF-90260', '2026-03-07 07:45:00', '2026-03-07 14:45:00', 'Permitido', NULL),
(50, 47, NULL, NULL, 'RFID', 'RF-90650', '2026-01-20 08:15:00', '2026-01-20 13:15:00', 'Permitido', NULL),
(11, 11, NULL, NULL, 'QR', 'QR-90143', '2026-07-18 14:45:00', '2026-07-18 19:45:00', 'Permitido', NULL),
(8, 8, NULL, NULL, 'RFID', 'RF-90104', '2026-02-03 13:30:00', '2026-02-03 19:30:00', 'Permitido', NULL),
(32, 32, NULL, NULL, 'RFID', 'RF-90416', '2026-06-20 15:30:00', '2026-06-20 20:30:00', 'Permitido', NULL),
(31, 31, NULL, NULL, 'QR', 'QR-90403', '2026-04-14 17:45:00', '2026-04-15 01:45:00', 'Permitido', NULL),
(29, 29, NULL, NULL, 'QR', 'QR-90377', '2026-04-17 10:30:00', '2026-04-17 15:30:00', 'Permitido', NULL),
(33, 33, NULL, NULL, 'QR', 'QR-90429', '2026-03-02 08:00:00', '2026-03-02 11:00:00', 'Permitido', NULL),
(14, 14, NULL, NULL, 'RFID', 'RF-90182', '2026-02-28 10:30:00', '2026-02-28 12:30:00', 'Permitido', NULL),
(42, 42, NULL, NULL, 'RFID', 'RF-90546', '2026-03-07 17:45:00', '2026-03-07 21:45:00', 'Permitido', NULL),
(24, 24, NULL, NULL, 'RFID', 'RF-90312', '2026-05-07 11:45:00', '2026-05-07 16:45:00', 'Permitido', NULL),
(18, 18, NULL, NULL, 'RFID', 'RF-90234', '2026-06-03 10:15:00', NULL, 'Permitido', NULL),
(38, 38, NULL, NULL, 'RFID', 'RF-90494', '2026-05-09 18:15:00', '2026-05-09 19:15:00', 'Permitido', NULL),
(16, 16, NULL, NULL, 'RFID', 'RF-90208', '2026-07-10 11:30:00', '2026-07-10 13:30:00', 'Permitido', NULL),
(32, 32, NULL, NULL, 'RFID', 'RF-90416', '2026-05-22 12:45:00', '2026-05-22 15:45:00', 'Permitido', NULL),
(1, 1, NULL, NULL, 'QR', 'QR-90013', '2026-03-25 08:00:00', '2026-03-25 10:00:00', 'Permitido', NULL),
(42, 42, NULL, NULL, 'RFID', 'RF-90546', '2026-05-29 13:15:00', '2026-05-29 21:15:00', 'Permitido', NULL),
(NULL, NULL, NULL, NULL, 'QR', 'QR-59781', '2026-06-02 07:30:00', NULL, 'Rechazado', 'QR invalido o no registrado'),
(45, 45, NULL, NULL, 'QR', 'QR-90585', '2026-03-10 13:45:00', '2026-03-10 18:45:00', 'Permitido', NULL),
(6, 6, NULL, NULL, 'RFID', 'RF-90078', '2026-05-04 12:15:00', '2026-05-04 19:15:00', 'Permitido', NULL),
(13, 13, NULL, NULL, 'QR', 'QR-90169', '2026-04-28 11:15:00', '2026-04-28 18:15:00', 'Permitido', NULL),
(20, 20, NULL, NULL, 'RFID', 'RF-90260', '2026-07-14 15:45:00', '2026-07-14 18:45:00', 'Permitido', NULL),
(7, 7, NULL, NULL, 'QR', 'QR-90091', '2026-02-04 12:30:00', '2026-02-04 20:30:00', 'Permitido', NULL),
(31, 31, NULL, NULL, 'QR', 'QR-90403', '2026-01-18 08:15:00', '2026-01-18 16:15:00', 'Permitido', NULL),
(44, 44, NULL, NULL, 'RFID', 'RF-90572', '2026-01-16 11:45:00', '2026-01-16 14:45:00', 'Permitido', NULL),
(10, 10, NULL, NULL, 'RFID', 'RF-90130', '2026-06-24 07:15:00', '2026-06-24 10:15:00', 'Permitido', NULL),
(39, 39, NULL, NULL, 'QR', 'QR-90507', '2026-01-05 15:30:00', NULL, 'Permitido', NULL),
(35, 35, NULL, NULL, 'QR', 'QR-90455', '2026-03-07 15:30:00', '2026-03-07 17:30:00', 'Permitido', NULL),
(2, 2, NULL, NULL, 'RFID', 'RF-90026', '2026-03-13 15:15:00', '2026-03-13 19:15:00', 'Permitido', NULL),
(10, 10, NULL, NULL, 'RFID', 'RF-90130', '2026-05-03 16:30:00', '2026-05-03 20:30:00', 'Permitido', NULL),
(44, 44, NULL, NULL, 'RFID', 'RF-90572', '2026-01-08 12:30:00', '2026-01-08 14:30:00', 'Permitido', NULL),
(20, 20, NULL, NULL, 'RFID', 'RF-90260', '2026-04-09 17:30:00', '2026-04-09 20:30:00', 'Permitido', NULL),
(22, 22, NULL, NULL, 'RFID', 'RF-90286', '2026-03-16 10:15:00', '2026-03-16 15:15:00', 'Permitido', NULL),
(16, 16, NULL, NULL, 'RFID', 'RF-90208', '2026-04-03 10:00:00', '2026-04-03 15:00:00', 'Permitido', NULL),
(45, 45, NULL, NULL, 'QR', 'QR-90585', '2026-03-24 13:30:00', '2026-03-24 16:30:00', 'Permitido', NULL),
(18, 18, NULL, NULL, 'RFID', 'RF-90234', '2026-02-22 08:30:00', '2026-02-22 10:30:00', 'Permitido', NULL),
(50, 47, NULL, NULL, 'RFID', 'RF-90650', '2026-03-02 08:00:00', '2026-03-02 15:00:00', 'Permitido', NULL),
(15, 15, NULL, NULL, 'QR', 'QR-90195', '2026-01-31 14:45:00', '2026-01-31 16:45:00', 'Permitido', NULL),
(6, 6, NULL, NULL, 'RFID', 'RF-90078', '2026-03-27 09:30:00', NULL, 'Rechazado', 'Acceso fuera del horario permitido'),
(25, 25, NULL, NULL, 'QR', 'QR-90325', '2026-05-20 16:15:00', '2026-05-20 20:15:00', 'Permitido', NULL),
(24, 24, NULL, NULL, 'RFID', 'RF-90312', '2026-05-18 12:30:00', '2026-05-18 19:30:00', 'Permitido', NULL),
(12, 12, NULL, NULL, 'RFID', 'RF-90156', '2026-07-22 14:15:00', NULL, 'Permitido', NULL),
(13, 13, NULL, NULL, 'QR', 'QR-90169', '2026-04-01 11:30:00', '2026-04-01 14:30:00', 'Permitido', NULL),
(28, 28, NULL, NULL, 'RFID', 'RF-90364', '2026-07-09 09:15:00', '2026-07-09 12:15:00', 'Permitido', NULL),
(22, 22, NULL, NULL, 'RFID', 'RF-90286', '2026-03-04 10:30:00', '2026-03-04 12:30:00', 'Permitido', NULL),
(21, 21, NULL, NULL, 'QR', 'QR-90273', '2026-05-29 11:15:00', '2026-05-29 18:15:00', 'Permitido', NULL),
(18, 18, NULL, NULL, 'RFID', 'RF-90234', '2026-01-29 13:30:00', '2026-01-29 16:30:00', 'Permitido', NULL),
(50, 47, NULL, NULL, 'RFID', 'RF-90650', '2026-03-04 16:30:00', '2026-03-04 19:30:00', 'Permitido', NULL),
(38, 38, NULL, NULL, 'RFID', 'RF-90494', '2026-03-08 17:45:00', '2026-03-08 21:45:00', 'Permitido', NULL),
(16, 16, NULL, NULL, 'RFID', 'RF-90208', '2026-03-03 10:45:00', '2026-03-03 17:45:00', 'Permitido', NULL),
(11, 11, NULL, NULL, 'QR', 'QR-90143', '2026-02-06 07:15:00', '2026-02-06 10:15:00', 'Permitido', NULL),
(40, 40, NULL, NULL, 'RFID', 'RF-90520', '2026-06-10 18:00:00', '2026-06-10 19:00:00', 'Permitido', NULL),
(44, 44, NULL, NULL, 'RFID', 'RF-90572', '2026-06-14 16:45:00', '2026-06-14 18:45:00', 'Permitido', NULL),
(21, 21, NULL, NULL, 'QR', 'QR-90273', '2026-05-08 14:30:00', '2026-05-08 15:30:00', 'Permitido', NULL),
(45, 45, NULL, NULL, 'QR', 'QR-90585', '2026-05-09 09:00:00', '2026-05-09 10:00:00', 'Permitido', NULL),
(13, 13, NULL, NULL, 'QR', 'QR-90169', '2026-03-26 14:30:00', '2026-03-26 22:30:00', 'Permitido', NULL),
(16, 16, NULL, NULL, 'RFID', 'RF-90208', '2026-02-22 18:15:00', NULL, 'Permitido', NULL),
(30, 30, NULL, NULL, 'RFID', 'RF-90390', '2026-07-07 07:00:00', '2026-07-07 09:00:00', 'Permitido', NULL),
(43, 43, NULL, NULL, 'QR', 'QR-90559', '2026-03-30 08:30:00', '2026-03-30 13:30:00', 'Permitido', NULL),
(NULL, NULL, NULL, NULL, 'QR', 'QR-56708', '2026-04-10 15:15:00', NULL, 'Rechazado', 'QR invalido o no registrado'),
(20, 20, NULL, NULL, 'RFID', 'RF-90260', '2026-07-20 17:45:00', '2026-07-20 19:45:00', 'Permitido', NULL),
(34, 34, NULL, NULL, 'RFID', 'RF-90442', '2026-03-28 09:30:00', '2026-03-28 12:30:00', 'Permitido', NULL),
(17, 17, NULL, NULL, 'QR', 'QR-90221', '2026-07-16 13:45:00', '2026-07-16 17:45:00', 'Permitido', NULL),
(50, 47, NULL, NULL, 'RFID', 'RF-90650', '2026-07-21 10:45:00', '2026-07-21 15:45:00', 'Permitido', NULL),
(50, 47, NULL, NULL, 'RFID', 'RF-90650', '2026-03-06 11:30:00', '2026-03-06 15:30:00', 'Permitido', NULL),
(36, 36, NULL, NULL, 'RFID', 'RF-90468', '2026-07-02 07:30:00', '2026-07-02 09:30:00', 'Permitido', NULL),
(13, 13, NULL, NULL, 'QR', 'QR-90169', '2026-05-11 08:45:00', '2026-05-11 09:45:00', 'Permitido', NULL),
(16, 16, NULL, NULL, 'RFID', 'RF-90208', '2026-07-07 10:45:00', '2026-07-07 13:45:00', 'Permitido', NULL),
(19, 19, NULL, NULL, 'QR', 'QR-90247', '2026-02-18 10:15:00', '2026-02-18 18:15:00', 'Permitido', NULL),
(40, 40, NULL, NULL, 'RFID', 'RF-90520', '2026-04-15 07:15:00', '2026-04-15 08:15:00', 'Permitido', NULL),
(36, 36, NULL, NULL, 'RFID', 'RF-90468', '2026-01-29 18:30:00', '2026-01-30 02:30:00', 'Permitido', NULL),
(26, 26, NULL, NULL, 'RFID', 'RF-90338', '2026-05-28 10:45:00', NULL, 'Permitido', NULL),
(24, 24, NULL, NULL, 'RFID', 'RF-90312', '2026-04-22 14:45:00', '2026-04-22 15:45:00', 'Permitido', NULL),
(10, 10, NULL, NULL, 'RFID', 'RF-90130', '2026-03-06 12:15:00', '2026-03-06 17:15:00', 'Permitido', NULL),
(6, 6, NULL, NULL, 'RFID', 'RF-90078', '2026-06-01 09:30:00', '2026-06-01 13:30:00', 'Permitido', NULL),
(20, 20, NULL, NULL, 'RFID', 'RF-90260', '2026-07-10 17:45:00', '2026-07-10 21:45:00', 'Permitido', NULL),
(19, 19, NULL, NULL, 'QR', 'QR-90247', '2026-06-20 11:00:00', '2026-06-20 17:00:00', 'Permitido', NULL),
(18, 18, NULL, NULL, 'RFID', 'RF-90234', '2026-04-04 15:15:00', '2026-04-04 23:15:00', 'Permitido', NULL),
(33, 33, NULL, NULL, 'QR', 'QR-90429', '2026-01-29 09:30:00', '2026-01-29 15:30:00', 'Permitido', NULL),
(19, 19, NULL, NULL, 'QR', 'QR-90247', '2026-07-14 12:15:00', '2026-07-14 20:15:00', 'Permitido', NULL),
(NULL, NULL, NULL, NULL, 'QR', 'QR-98019', '2026-03-22 11:00:00', NULL, 'Rechazado', 'QR invalido o no registrado'),
(9, 9, NULL, NULL, 'QR', 'QR-90117', '2026-05-07 07:30:00', '2026-05-07 12:30:00', 'Permitido', NULL),
(4, 4, NULL, NULL, 'RFID', 'RF-90052', '2026-01-24 17:45:00', '2026-01-24 22:45:00', 'Permitido', NULL),
(7, 7, NULL, NULL, 'QR', 'QR-90091', '2026-06-30 10:45:00', '2026-06-30 15:45:00', 'Permitido', NULL),
(5, 5, NULL, NULL, 'QR', 'QR-90065', '2026-05-03 07:30:00', '2026-05-03 08:30:00', 'Permitido', NULL),
(8, 8, NULL, NULL, 'RFID', 'RF-90104', '2026-03-18 17:00:00', '2026-03-18 22:00:00', 'Permitido', NULL),
(7, 7, NULL, NULL, 'QR', 'QR-90091', '2026-01-19 14:45:00', NULL, 'Permitido', NULL),
(22, 22, NULL, NULL, 'RFID', 'RF-90286', '2026-01-24 17:00:00', '2026-01-24 19:00:00', 'Permitido', NULL),
(17, 17, NULL, NULL, 'QR', 'QR-90221', '2026-05-18 16:30:00', '2026-05-18 19:30:00', 'Permitido', NULL),
(22, 22, NULL, NULL, 'RFID', 'RF-90286', '2026-04-23 09:45:00', '2026-04-23 14:45:00', 'Permitido', NULL),
(8, 8, NULL, NULL, 'RFID', 'RF-90104', '2026-04-08 15:15:00', '2026-04-08 23:15:00', 'Permitido', NULL),
(4, 4, NULL, NULL, 'RFID', 'RF-90052', '2026-01-08 18:15:00', '2026-01-09 01:15:00', 'Permitido', NULL),
(20, 20, NULL, NULL, 'RFID', 'RF-90260', '2026-03-04 17:15:00', '2026-03-04 23:15:00', 'Permitido', NULL),
(45, 45, NULL, NULL, 'QR', 'QR-90585', '2026-02-12 14:15:00', '2026-02-12 20:15:00', 'Permitido', NULL),
(34, 34, NULL, NULL, 'RFID', 'RF-90442', '2026-05-09 14:00:00', '2026-05-09 17:00:00', 'Permitido', NULL),
(28, 28, NULL, NULL, 'RFID', 'RF-90364', '2026-04-29 11:15:00', '2026-04-29 14:15:00', 'Permitido', NULL),
(17, 17, NULL, NULL, 'QR', 'QR-90221', '2026-04-29 17:00:00', '2026-04-29 23:00:00', 'Permitido', NULL),
(24, 24, NULL, NULL, 'RFID', 'RF-90312', '2026-03-20 13:00:00', '2026-03-20 18:00:00', 'Permitido', NULL),
(50, 47, NULL, NULL, 'RFID', 'RF-90650', '2026-02-19 13:30:00', '2026-02-19 16:30:00', 'Permitido', NULL),
(44, 44, NULL, NULL, 'RFID', 'RF-90572', '2026-03-20 14:30:00', '2026-03-20 16:30:00', 'Permitido', NULL),
(23, 23, NULL, NULL, 'QR', 'QR-90299', '2026-07-05 16:45:00', '2026-07-05 21:45:00', 'Permitido', NULL),
(31, 31, NULL, NULL, 'QR', 'QR-90403', '2026-06-08 14:45:00', NULL, 'Rechazado', 'Acceso fuera del horario permitido'),
(44, 44, NULL, NULL, 'RFID', 'RF-90572', '2026-02-28 10:15:00', '2026-02-28 13:15:00', 'Permitido', NULL),
(27, 27, NULL, NULL, 'QR', 'QR-90351', '2026-02-20 12:00:00', '2026-02-20 16:00:00', 'Permitido', NULL),
(23, 23, NULL, NULL, 'QR', 'QR-90299', '2026-07-17 15:30:00', '2026-07-17 23:30:00', 'Permitido', NULL),
(11, 11, NULL, NULL, 'QR', 'QR-90143', '2026-05-28 15:45:00', '2026-05-28 19:45:00', 'Permitido', NULL);

-- ---------- Sincronizar ultima fecha de acceso ----------
UPDATE usuarios u
SET u.ultima_fecha_acceso = (
    SELECT MAX(a.fecha_hora_entrada) FROM accesos a
    WHERE a.id_usuario = u.id_usuario AND a.resultado = 'Permitido'
);

SELECT 'Datos de prueba cargados correctamente' AS resultado;